"county","indicator","Unit","Date","Value"
"Nairobi","BCG vaccination received","","1989","44.4"
"Nairobi","BCG vaccination received","","1993","100"
"Nairobi","BCG vaccination received","","1998","97.7"
"Nairobi","BCG vaccination received","","2003","97.6"
"Nairobi","BCG vaccination received","","2008","93.8"
"Nairobi","BCG vaccination received","","2014","97.6"
"Nairobi","BCG vaccination received","","2022","96.8"
"Nairobi","DPT 1 vaccination received","","1989","46.5"
"Nairobi","DPT 1 vaccination received","","1993","100"
"Nairobi","DPT 1 vaccination received","","1998","95.5"
"Nairobi","DPT 1 vaccination received","","2003","97.6"
"Nairobi","DPT 1 vaccination received","","2008","95"
"Nairobi","DPT 1 vaccination received","","2014","97.3"
"Nairobi","DPT 1 vaccination received","","2022","97.4"
"Nairobi","DPT 2 vaccination received","","1989","46.5"
"Nairobi","DPT 2 vaccination received","","1993","100"
"Nairobi","DPT 2 vaccination received","","1998","90.9"
"Nairobi","DPT 2 vaccination received","","2003","88.8"
"Nairobi","DPT 2 vaccination received","","2008","88.5"
"Nairobi","DPT 2 vaccination received","","2014","93.6"
"Nairobi","DPT 2 vaccination received","","2022","93.4"
"Nairobi","DPT 3 vaccination received","","1989","44.4"
"Nairobi","DPT 3 vaccination received","","1993","100"
"Nairobi","DPT 3 vaccination received","","1998","75"
"Nairobi","DPT 3 vaccination received","","2003","73.6"
"Nairobi","DPT 3 vaccination received","","2008","82.2"
"Nairobi","DPT 3 vaccination received","","2014","88"
"Nairobi","DPT 3 vaccination received","","2022","87.7"
"Nairobi","Polio 1 vaccination received","","1989","46.5"
"Nairobi","Polio 1 vaccination received","","1993","100"
"Nairobi","Polio 1 vaccination received","","1998","97.7"
"Nairobi","Polio 1 vaccination received","","2003","98.4"
"Nairobi","Polio 1 vaccination received","","2008","94.6"
"Nairobi","Polio 1 vaccination received","","2014","98.3"
"Nairobi","Polio 1 vaccination received","","2022","95.3"
"Nairobi","Polio 2 vaccination received","","1989","45.8"
"Nairobi","Polio 2 vaccination received","","1993","100"
"Nairobi","Polio 2 vaccination received","","1998","88.6"
"Nairobi","Polio 2 vaccination received","","2003","89.8"
"Nairobi","Polio 2 vaccination received","","2008","90.2"
"Nairobi","Polio 2 vaccination received","","2014","96.9"
"Nairobi","Polio 2 vaccination received","","2022","95.3"
"Nairobi","Polio 3 vaccination received","","1989","43.8"
"Nairobi","Polio 3 vaccination received","","1993","100"
"Nairobi","Polio 3 vaccination received","","1998","63.6"
"Nairobi","Polio 3 vaccination received","","2003","64.4"
"Nairobi","Polio 3 vaccination received","","2008","82.9"
"Nairobi","Polio 3 vaccination received","","2014","91.3"
"Nairobi","Polio 3 vaccination received","","2022","67.8"
"Nairobi","Measles vaccination received","","1989","41"
"Nairobi","Measles vaccination received","","1993","86.7"
"Nairobi","Measles vaccination received","","1998","93.2"
"Nairobi","Measles vaccination received","","2003","87.6"
"Nairobi","Measles vaccination received","","2008","87.6"
"Nairobi","Measles vaccination received","","2014","92.5"
"Nairobi","Measles vaccination received","","2022","89.4"
"Nairobi","Received all 8 basic vaccinations","","1989","37.5"
"Nairobi","Received all 8 basic vaccinations","","1993","86.7"
"Nairobi","Received all 8 basic vaccinations","","1998","50"
"Nairobi","Received all 8 basic vaccinations","","2003","54.9"
"Nairobi","Received all 8 basic vaccinations","","2008","73.1"
"Nairobi","Received all 8 basic vaccinations","","2014","81.2"
"Nairobi","Received all 8 basic vaccinations","","2022","77.2"
"Nairobi","Received no vaccinations","","1989","53.5"
"Nairobi","Received no vaccinations","","1993","0"
"Nairobi","Received no vaccinations","","1998","2.3"
"Nairobi","Received no vaccinations","","2003","0.7"
"Nairobi","Received no vaccinations","","2008","3.9"
"Nairobi","Received no vaccinations","","2014","1.7"
"Nairobi","Received no vaccinations","","2022","2.6"
"Nairobi","Number of children 12-23 months","","1989","93"
"Nairobi","Number of children 12-23 months","","1993","62"
"Nairobi","Number of children 12-23 months","","1998","81"
"Nairobi","Number of children 12-23 months","","2003","60"
"Nairobi","Number of children 12-23 months","","2008","56"
"Nairobi","Number of children 12-23 months","","2014","417"
"Nairobi","Number of children 12-23 months","","2022","409"
"Nairobi","Number of children 12-23 months (unweighted)","","1989","144"
"Nairobi","Number of children 12-23 months (unweighted)","","1993","45"
"Nairobi","Number of children 12-23 months (unweighted)","","1998","44"
"Nairobi","Number of children 12-23 months (unweighted)","","2003","85"
"Nairobi","Number of children 12-23 months (unweighted)","","2008","72"
"Nairobi","Number of children 12-23 months (unweighted)","","2014","106"
"Nairobi","Number of children 12-23 months (unweighted)","","2022","94"
"Nairobi","Polio 0 vaccination received","","1998","84.1"
"Nairobi","Polio 0 vaccination received","","2003","75.3"
"Nairobi","Polio 0 vaccination received","","2008","65.2"
"Nairobi","Polio 0 vaccination received","","2014","71.4"
"Nairobi","Polio 0 vaccination received","","2022","93.4"
"Nairobi","Hepatitis 1 vaccination received","","2022","97.4"
"Nairobi","Hepatitis 2 vaccination received","","2022","93.4"
"Nairobi","Hepatitis 3 vaccination received","","2022","87.7"
"Nairobi","Haemophilus influenza type b 1 vaccination received","","2022","97.4"
"Nairobi","Haemophilus influenza type b 2 vaccination received","","2022","93.4"
"Nairobi","Haemophilus influenza type b 3 vaccination received","","2022","87.7"
"Kiambu","BCG vaccination received","","2014","100"
"Kiambu","BCG vaccination received","","2022","100"
"Kiambu","DPT 1 vaccination received","","2014","100"
"Kiambu","DPT 1 vaccination received","","2022","100"
"Kiambu","DPT 2 vaccination received","","2014","100"
"Kiambu","DPT 2 vaccination received","","2022","100"
"Kiambu","DPT 3 vaccination received","","2014","99"
"Kiambu","DPT 3 vaccination received","","2022","91.8"
"Kiambu","Polio 1 vaccination received","","2014","100"
"Kiambu","Polio 1 vaccination received","","2022","98.2"
"Kiambu","Polio 2 vaccination received","","2014","100"
"Kiambu","Polio 2 vaccination received","","2022","95.3"
"Kiambu","Polio 3 vaccination received","","2014","99"
"Kiambu","Polio 3 vaccination received","","2022","80.4"
"Kiambu","Measles vaccination received","","2014","99"
"Kiambu","Measles vaccination received","","2022","94"
"Kiambu","Received all 8 basic vaccinations","","2014","99"
"Kiambu","Received all 8 basic vaccinations","","2022","87.8"
"Kiambu","Received no vaccinations","","2014","0"
"Kiambu","Received no vaccinations","","2022","0"
"Kiambu","Number of children 12-23 months","","2014","150"
"Kiambu","Number of children 12-23 months","","2022","196"
"Kiambu","Number of children 12-23 months (unweighted)","","2014","56"
"Kiambu","Number of children 12-23 months (unweighted)","","2022","63"
"Kiambu","Polio 0 vaccination received","","2014","81.8"
"Kiambu","Polio 0 vaccination received","","2022","95.4"
"Kiambu","Hepatitis 1 vaccination received","","2022","100"
"Kiambu","Hepatitis 2 vaccination received","","2022","100"
"Kiambu","Hepatitis 3 vaccination received","","2022","91.8"
"Kiambu","Haemophilus influenza type b 1 vaccination received","","2022","100"
"Kiambu","Haemophilus influenza type b 2 vaccination received","","2022","100"
"Kiambu","Haemophilus influenza type b 3 vaccination received","","2022","91.8"
"Kirinyaga","BCG vaccination received","","2014","100"
"Kirinyaga","BCG vaccination received","","2022","98.1"
"Kirinyaga","DPT 1 vaccination received","","2014","100"
"Kirinyaga","DPT 1 vaccination received","","2022","100"
"Kirinyaga","DPT 2 vaccination received","","2014","100"
"Kirinyaga","DPT 2 vaccination received","","2022","98.2"
"Kirinyaga","DPT 3 vaccination received","","2014","100"
"Kirinyaga","DPT 3 vaccination received","","2022","92.1"
"Kirinyaga","Polio 1 vaccination received","","2014","100"
"Kirinyaga","Polio 1 vaccination received","","2022","100"
"Kirinyaga","Polio 2 vaccination received","","2014","100"
"Kirinyaga","Polio 2 vaccination received","","2022","98"
"Kirinyaga","Polio 3 vaccination received","","2014","100"
"Kirinyaga","Polio 3 vaccination received","","2022","81.8"
"Kirinyaga","Measles vaccination received","","2014","100"
"Kirinyaga","Measles vaccination received","","2022","97.1"
"Kirinyaga","Received all 8 basic vaccinations","","2014","100"
"Kirinyaga","Received all 8 basic vaccinations","","2022","87.3"
"Kirinyaga","Received no vaccinations","","2014","0"
"Kirinyaga","Received no vaccinations","","2022","0"
"Kirinyaga","Number of children 12-23 months","","2014","31"
"Kirinyaga","Number of children 12-23 months","","2022","44"
"Kirinyaga","Number of children 12-23 months (unweighted)","","2014","35"
"Kirinyaga","Number of children 12-23 months (unweighted)","","2022","54"
"Kirinyaga","Polio 0 vaccination received","","2014","60.3"
"Kirinyaga","Polio 0 vaccination received","","2022","95.1"
"Kirinyaga","Hepatitis 1 vaccination received","","2022","100"
"Kirinyaga","Hepatitis 2 vaccination received","","2022","98.2"
"Kirinyaga","Hepatitis 3 vaccination received","","2022","92.1"
"Kirinyaga","Haemophilus influenza type b 1 vaccination received","","2022","100"
"Kirinyaga","Haemophilus influenza type b 2 vaccination received","","2022","98.2"
"Kirinyaga","Haemophilus influenza type b 3 vaccination received","","2022","92.1"
"Murang'a","BCG vaccination received","","2014","99"
"Murang'a","BCG vaccination received","","2022","96.7"
"Murang'a","DPT 1 vaccination received","","2014","99"
"Murang'a","DPT 1 vaccination received","","2022","96.7"
"Murang'a","DPT 2 vaccination received","","2014","95.7"
"Murang'a","DPT 2 vaccination received","","2022","96.7"
"Murang'a","DPT 3 vaccination received","","2014","89.9"
"Murang'a","DPT 3 vaccination received","","2022","96.7"
"Murang'a","Polio 1 vaccination received","","2014","99"
"Murang'a","Polio 1 vaccination received","","2022","96.7"
"Murang'a","Polio 2 vaccination received","","2014","95.7"
"Murang'a","Polio 2 vaccination received","","2022","96.7"
"Murang'a","Polio 3 vaccination received","","2014","89.9"
"Murang'a","Polio 3 vaccination received","","2022","74.7"
"Murang'a","Measles vaccination received","","2014","97.3"
"Murang'a","Measles vaccination received","","2022","95.3"
"Murang'a","Received all 8 basic vaccinations","","2014","88.2"
"Murang'a","Received all 8 basic vaccinations","","2022","95.3"
"Murang'a","Received no vaccinations","","2014","1"
"Murang'a","Received no vaccinations","","2022","3.3"
"Murang'a","Number of children 12-23 months","","2014","70"
"Murang'a","Number of children 12-23 months","","2022","51"
"Murang'a","Number of children 12-23 months (unweighted)","","2014","60"
"Murang'a","Number of children 12-23 months (unweighted)","","2022","42"
"Murang'a","Polio 0 vaccination received","","2014","78"
"Murang'a","Polio 0 vaccination received","","2022","96.7"
"Murang'a","Hepatitis 1 vaccination received","","2022","96.7"
"Murang'a","Hepatitis 2 vaccination received","","2022","96.7"
"Murang'a","Hepatitis 3 vaccination received","","2022","96.7"
"Murang'a","Haemophilus influenza type b 1 vaccination received","","2022","96.7"
"Murang'a","Haemophilus influenza type b 2 vaccination received","","2022","96.7"
"Murang'a","Haemophilus influenza type b 3 vaccination received","","2022","96.7"
"Nyeri","BCG vaccination received","","2014","98.7"
"Nyeri","BCG vaccination received","","2022","91.5"
"Nyeri","DPT 1 vaccination received","","2014","97.2"
"Nyeri","DPT 1 vaccination received","","2022","94.7"
"Nyeri","DPT 2 vaccination received","","2014","97.2"
"Nyeri","DPT 2 vaccination received","","2022","92.9"
"Nyeri","DPT 3 vaccination received","","2014","94.9"
"Nyeri","DPT 3 vaccination received","","2022","85.9"
"Nyeri","Polio 1 vaccination received","","2014","100"
"Nyeri","Polio 1 vaccination received","","2022","92.9"
"Nyeri","Polio 2 vaccination received","","2014","100"
"Nyeri","Polio 2 vaccination received","","2022","92.9"
"Nyeri","Polio 3 vaccination received","","2014","95.1"
"Nyeri","Polio 3 vaccination received","","2022","82"
"Nyeri","Measles vaccination received","","2014","92.7"
"Nyeri","Measles vaccination received","","2022","85.6"
"Nyeri","Received all 8 basic vaccinations","","2014","87.8"
"Nyeri","Received all 8 basic vaccinations","","2022","78.2"
"Nyeri","Received no vaccinations","","2014","0"
"Nyeri","Received no vaccinations","","2022","5.3"
"Nyeri","Number of children 12-23 months","","2014","59"
"Nyeri","Number of children 12-23 months","","2022","37"
"Nyeri","Number of children 12-23 months (unweighted)","","2014","69"
"Nyeri","Number of children 12-23 months (unweighted)","","2022","39"
"Nyeri","Polio 0 vaccination received","","2014","84.4"
"Nyeri","Polio 0 vaccination received","","2022","88.4"
"Nyeri","Hepatitis 1 vaccination received","","2022","94.7"
"Nyeri","Hepatitis 2 vaccination received","","2022","92.9"
"Nyeri","Hepatitis 3 vaccination received","","2022","85.9"
"Nyeri","Haemophilus influenza type b 1 vaccination received","","2022","94.7"
"Nyeri","Haemophilus influenza type b 2 vaccination received","","2022","92.9"
"Nyeri","Haemophilus influenza type b 3 vaccination received","","2022","85.9"
"Nyandarua","BCG vaccination received","","2014","100"
"Nyandarua","BCG vaccination received","","2022","100"
"Nyandarua","DPT 1 vaccination received","","2014","100"
"Nyandarua","DPT 1 vaccination received","","2022","100"
"Nyandarua","DPT 2 vaccination received","","2014","98.1"
"Nyandarua","DPT 2 vaccination received","","2022","100"
"Nyandarua","DPT 3 vaccination received","","2014","90.8"
"Nyandarua","DPT 3 vaccination received","","2022","98"
"Nyandarua","Polio 1 vaccination received","","2014","100"
"Nyandarua","Polio 1 vaccination received","","2022","99.2"
"Nyandarua","Polio 2 vaccination received","","2014","98.1"
"Nyandarua","Polio 2 vaccination received","","2022","95.7"
"Nyandarua","Polio 3 vaccination received","","2014","94.6"
"Nyandarua","Polio 3 vaccination received","","2022","83.1"
"Nyandarua","Measles vaccination received","","2014","95.1"
"Nyandarua","Measles vaccination received","","2022","99.2"
"Nyandarua","Received all 8 basic vaccinations","","2014","86.2"
"Nyandarua","Received all 8 basic vaccinations","","2022","94.9"
"Nyandarua","Received no vaccinations","","2014","0"
"Nyandarua","Received no vaccinations","","2022","0"
"Nyandarua","Number of children 12-23 months","","2014","53"
"Nyandarua","Number of children 12-23 months","","2022","43"
"Nyandarua","Number of children 12-23 months (unweighted)","","2014","71"
"Nyandarua","Number of children 12-23 months (unweighted)","","2022","65"
"Nyandarua","Polio 0 vaccination received","","2014","84.9"
"Nyandarua","Polio 0 vaccination received","","2022","98.4"
"Nyandarua","Hepatitis 1 vaccination received","","2022","100"
"Nyandarua","Hepatitis 2 vaccination received","","2022","100"
"Nyandarua","Hepatitis 3 vaccination received","","2022","98"
"Nyandarua","Haemophilus influenza type b 1 vaccination received","","2022","100"
"Nyandarua","Haemophilus influenza type b 2 vaccination received","","2022","100"
"Nyandarua","Haemophilus influenza type b 3 vaccination received","","2022","98"
"Kilifi","BCG vaccination received","","2014","94.3"
"Kilifi","BCG vaccination received","","2022","100"
"Kilifi","DPT 1 vaccination received","","2014","95.3"
"Kilifi","DPT 1 vaccination received","","2022","100"
"Kilifi","DPT 2 vaccination received","","2014","95.3"
"Kilifi","DPT 2 vaccination received","","2022","98.2"
"Kilifi","DPT 3 vaccination received","","2014","87.5"
"Kilifi","DPT 3 vaccination received","","2022","93.7"
"Kilifi","Polio 1 vaccination received","","2014","96.2"
"Kilifi","Polio 1 vaccination received","","2022","99.3"
"Kilifi","Polio 2 vaccination received","","2014","95.8"
"Kilifi","Polio 2 vaccination received","","2022","97.5"
"Kilifi","Polio 3 vaccination received","","2014","88.8"
"Kilifi","Polio 3 vaccination received","","2022","78.6"
"Kilifi","Measles vaccination received","","2014","83.7"
"Kilifi","Measles vaccination received","","2022","95.1"
"Kilifi","Received all 8 basic vaccinations","","2014","74.7"
"Kilifi","Received all 8 basic vaccinations","","2022","89.8"
"Kilifi","Received no vaccinations","","2014","3"
"Kilifi","Received no vaccinations","","2022","0"
"Kilifi","Number of children 12-23 months","","2014","144"
"Kilifi","Number of children 12-23 months","","2022","89"
"Kilifi","Number of children 12-23 months (unweighted)","","2014","115"
"Kilifi","Number of children 12-23 months (unweighted)","","2022","66"
"Kilifi","Polio 0 vaccination received","","2014","81.9"
"Kilifi","Polio 0 vaccination received","","2022","92.9"
"Kilifi","Hepatitis 1 vaccination received","","2022","100"
"Kilifi","Hepatitis 2 vaccination received","","2022","98.2"
"Kilifi","Hepatitis 3 vaccination received","","2022","93.7"
"Kilifi","Haemophilus influenza type b 1 vaccination received","","2022","100"
"Kilifi","Haemophilus influenza type b 2 vaccination received","","2022","98.2"
"Kilifi","Haemophilus influenza type b 3 vaccination received","","2022","93.7"
"Kwale","BCG vaccination received","","2014","98.6"
"Kwale","BCG vaccination received","","2022","96.1"
"Kwale","DPT 1 vaccination received","","2014","96.7"
"Kwale","DPT 1 vaccination received","","2022","96.7"
"Kwale","DPT 2 vaccination received","","2014","96.7"
"Kwale","DPT 2 vaccination received","","2022","94"
"Kwale","DPT 3 vaccination received","","2014","95.1"
"Kwale","DPT 3 vaccination received","","2022","82.5"
"Kwale","Polio 1 vaccination received","","2014","99.4"
"Kwale","Polio 1 vaccination received","","2022","96.7"
"Kwale","Polio 2 vaccination received","","2014","95.9"
"Kwale","Polio 2 vaccination received","","2022","96.7"
"Kwale","Polio 3 vaccination received","","2014","94.6"
"Kwale","Polio 3 vaccination received","","2022","77.4"
"Kwale","Measles vaccination received","","2014","90.7"
"Kwale","Measles vaccination received","","2022","83.7"
"Kwale","Received all 8 basic vaccinations","","2014","85.9"
"Kwale","Received all 8 basic vaccinations","","2022","70.6"
"Kwale","Received no vaccinations","","2014","0"
"Kwale","Received no vaccinations","","2022","2"
"Kwale","Number of children 12-23 months","","2014","89"
"Kwale","Number of children 12-23 months","","2022","62"
"Kwale","Number of children 12-23 months (unweighted)","","2014","97"
"Kwale","Number of children 12-23 months (unweighted)","","2022","84"
"Kwale","Polio 0 vaccination received","","2014","73.5"
"Kwale","Polio 0 vaccination received","","2022","85.9"
"Kwale","Hepatitis 1 vaccination received","","2022","96.7"
"Kwale","Hepatitis 2 vaccination received","","2022","94"
"Kwale","Hepatitis 3 vaccination received","","2022","82.5"
"Kwale","Haemophilus influenza type b 1 vaccination received","","2022","96.7"
"Kwale","Haemophilus influenza type b 2 vaccination received","","2022","94"
"Kwale","Haemophilus influenza type b 3 vaccination received","","2022","82.5"
"Lamu","BCG vaccination received","","2014","94.2"
"Lamu","BCG vaccination received","","2022","98.6"
"Lamu","DPT 1 vaccination received","","2014","99.3"
"Lamu","DPT 1 vaccination received","","2022","100"
"Lamu","DPT 2 vaccination received","","2014","97"
"Lamu","DPT 2 vaccination received","","2022","97.2"
"Lamu","DPT 3 vaccination received","","2014","84.7"
"Lamu","DPT 3 vaccination received","","2022","85.1"
"Lamu","Polio 1 vaccination received","","2014","100"
"Lamu","Polio 1 vaccination received","","2022","99"
"Lamu","Polio 2 vaccination received","","2014","97.7"
"Lamu","Polio 2 vaccination received","","2022","98.2"
"Lamu","Polio 3 vaccination received","","2014","94.2"
"Lamu","Polio 3 vaccination received","","2022","76.5"
"Lamu","Measles vaccination received","","2014","83.2"
"Lamu","Measles vaccination received","","2022","86.4"
"Lamu","Received all 8 basic vaccinations","","2014","69.9"
"Lamu","Received all 8 basic vaccinations","","2022","72.3"
"Lamu","Received no vaccinations","","2014","0"
"Lamu","Received no vaccinations","","2022","0"
"Lamu","Number of children 12-23 months","","2014","9"
"Lamu","Number of children 12-23 months","","2022","13"
"Lamu","Number of children 12-23 months (unweighted)","","2014","58"
"Lamu","Number of children 12-23 months (unweighted)","","2022","86"
"Lamu","Polio 0 vaccination received","","2014","62.1"
"Lamu","Polio 0 vaccination received","","2022","93.7"
"Lamu","Hepatitis 1 vaccination received","","2022","100"
"Lamu","Hepatitis 2 vaccination received","","2022","97.2"
"Lamu","Hepatitis 3 vaccination received","","2022","85.1"
"Lamu","Haemophilus influenza type b 1 vaccination received","","2022","100"
"Lamu","Haemophilus influenza type b 2 vaccination received","","2022","97.2"
"Lamu","Haemophilus influenza type b 3 vaccination received","","2022","85.1"
"Mombasa","BCG vaccination received","","2014","100"
"Mombasa","BCG vaccination received","","2022","98.6"
"Mombasa","DPT 1 vaccination received","","2014","100"
"Mombasa","DPT 1 vaccination received","","2022","100"
"Mombasa","DPT 2 vaccination received","","2014","98.3"
"Mombasa","DPT 2 vaccination received","","2022","99.1"
"Mombasa","DPT 3 vaccination received","","2014","95.6"
"Mombasa","DPT 3 vaccination received","","2022","97.4"
"Mombasa","Polio 1 vaccination received","","2014","100"
"Mombasa","Polio 1 vaccination received","","2022","100"
"Mombasa","Polio 2 vaccination received","","2014","98.3"
"Mombasa","Polio 2 vaccination received","","2022","99.1"
"Mombasa","Polio 3 vaccination received","","2014","93.8"
"Mombasa","Polio 3 vaccination received","","2022","85.9"
"Mombasa","Measles vaccination received","","2014","89.1"
"Mombasa","Measles vaccination received","","2022","96.6"
"Mombasa","Received all 8 basic vaccinations","","2014","84.6"
"Mombasa","Received all 8 basic vaccinations","","2022","93.4"
"Mombasa","Received no vaccinations","","2014","0"
"Mombasa","Received no vaccinations","","2022","0"
"Mombasa","Number of children 12-23 months","","2014","93"
"Mombasa","Number of children 12-23 months","","2022","75"
"Mombasa","Number of children 12-23 months (unweighted)","","2014","59"
"Mombasa","Number of children 12-23 months (unweighted)","","2022","57"
"Mombasa","Polio 0 vaccination received","","2014","78.9"
"Mombasa","Polio 0 vaccination received","","2022","94.5"
"Mombasa","Hepatitis 1 vaccination received","","2022","100"
"Mombasa","Hepatitis 2 vaccination received","","2022","99.1"
"Mombasa","Hepatitis 3 vaccination received","","2022","97.4"
"Mombasa","Haemophilus influenza type b 1 vaccination received","","2022","100"
"Mombasa","Haemophilus influenza type b 2 vaccination received","","2022","99.1"
"Mombasa","Haemophilus influenza type b 3 vaccination received","","2022","97.4"
"Tana River","BCG vaccination received","","2014","97.1"
"Tana River","BCG vaccination received","","2022","94.6"
"Tana River","DPT 1 vaccination received","","2014","97.1"
"Tana River","DPT 1 vaccination received","","2022","93.5"
"Tana River","DPT 2 vaccination received","","2014","95"
"Tana River","DPT 2 vaccination received","","2022","88.7"
"Tana River","DPT 3 vaccination received","","2014","89.9"
"Tana River","DPT 3 vaccination received","","2022","80.8"
"Tana River","Polio 1 vaccination received","","2014","97.1"
"Tana River","Polio 1 vaccination received","","2022","93.4"
"Tana River","Polio 2 vaccination received","","2014","93.8"
"Tana River","Polio 2 vaccination received","","2022","85.8"
"Tana River","Polio 3 vaccination received","","2014","89.4"
"Tana River","Polio 3 vaccination received","","2022","68.5"
"Tana River","Measles vaccination received","","2014","77.6"
"Tana River","Measles vaccination received","","2022","83.1"
"Tana River","Received all 8 basic vaccinations","","2014","73.3"
"Tana River","Received all 8 basic vaccinations","","2022","73.5"
"Tana River","Received no vaccinations","","2014","2.5"
"Tana River","Received no vaccinations","","2022","4.4"
"Tana River","Number of children 12-23 months","","2014","32"
"Tana River","Number of children 12-23 months","","2022","26"
"Tana River","Number of children 12-23 months (unweighted)","","2014","131"
"Tana River","Number of children 12-23 months (unweighted)","","2022","109"
"Tana River","Polio 0 vaccination received","","2014","41.8"
"Tana River","Polio 0 vaccination received","","2022","80.1"
"Tana River","Hepatitis 1 vaccination received","","2022","93.5"
"Tana River","Hepatitis 2 vaccination received","","2022","88.7"
"Tana River","Hepatitis 3 vaccination received","","2022","80.8"
"Tana River","Haemophilus influenza type b 1 vaccination received","","2022","93.5"
"Tana River","Haemophilus influenza type b 2 vaccination received","","2022","88.7"
"Tana River","Haemophilus influenza type b 3 vaccination received","","2022","80.8"
"Taita Taveta","BCG vaccination received","","2014","98.4"
"Taita Taveta","BCG vaccination received","","2022","98.4"
"Taita Taveta","DPT 1 vaccination received","","2014","98.4"
"Taita Taveta","DPT 1 vaccination received","","2022","98.4"
"Taita Taveta","DPT 2 vaccination received","","2014","98.4"
"Taita Taveta","DPT 2 vaccination received","","2022","95.5"
"Taita Taveta","DPT 3 vaccination received","","2014","97.5"
"Taita Taveta","DPT 3 vaccination received","","2022","85.8"
"Taita Taveta","Polio 1 vaccination received","","2014","100"
"Taita Taveta","Polio 1 vaccination received","","2022","97.4"
"Taita Taveta","Polio 2 vaccination received","","2014","100"
"Taita Taveta","Polio 2 vaccination received","","2022","95.4"
"Taita Taveta","Polio 3 vaccination received","","2014","97.5"
"Taita Taveta","Polio 3 vaccination received","","2022","81.3"
"Taita Taveta","Measles vaccination received","","2014","93"
"Taita Taveta","Measles vaccination received","","2022","96.5"
"Taita Taveta","Received all 8 basic vaccinations","","2014","93"
"Taita Taveta","Received all 8 basic vaccinations","","2022","84.7"
"Taita Taveta","Received no vaccinations","","2014","0"
"Taita Taveta","Received no vaccinations","","2022","1.6"
"Taita Taveta","Number of children 12-23 months","","2014","23"
"Taita Taveta","Number of children 12-23 months","","2022","28"
"Taita Taveta","Number of children 12-23 months (unweighted)","","2014","57"
"Taita Taveta","Number of children 12-23 months (unweighted)","","2022","51"
"Taita Taveta","Polio 0 vaccination received","","2014","87.1"
"Taita Taveta","Polio 0 vaccination received","","2022","94.9"
"Taita Taveta","Hepatitis 1 vaccination received","","2022","98.4"
"Taita Taveta","Hepatitis 2 vaccination received","","2022","95.5"
"Taita Taveta","Hepatitis 3 vaccination received","","2022","85.8"
"Taita Taveta","Haemophilus influenza type b 1 vaccination received","","2022","98.4"
"Taita Taveta","Haemophilus influenza type b 2 vaccination received","","2022","95.5"
"Taita Taveta","Haemophilus influenza type b 3 vaccination received","","2022","85.8"
"Embu","BCG vaccination received","","2014","100"
"Embu","BCG vaccination received","","2022","100"
"Embu","DPT 1 vaccination received","","2014","100"
"Embu","DPT 1 vaccination received","","2022","100"
"Embu","DPT 2 vaccination received","","2014","100"
"Embu","DPT 2 vaccination received","","2022","100"
"Embu","DPT 3 vaccination received","","2014","99.2"
"Embu","DPT 3 vaccination received","","2022","97.2"
"Embu","Polio 1 vaccination received","","2014","100"
"Embu","Polio 1 vaccination received","","2022","100"
"Embu","Polio 2 vaccination received","","2014","100"
"Embu","Polio 2 vaccination received","","2022","98.1"
"Embu","Polio 3 vaccination received","","2014","92.7"
"Embu","Polio 3 vaccination received","","2022","88.9"
"Embu","Measles vaccination received","","2014","92.8"
"Embu","Measles vaccination received","","2022","93.5"
"Embu","Received all 8 basic vaccinations","","2014","85.5"
"Embu","Received all 8 basic vaccinations","","2022","90.7"
"Embu","Received no vaccinations","","2014","0"
"Embu","Received no vaccinations","","2022","0"
"Embu","Number of children 12-23 months","","2014","42"
"Embu","Number of children 12-23 months","","2022","30"
"Embu","Number of children 12-23 months (unweighted)","","2014","54"
"Embu","Number of children 12-23 months (unweighted)","","2022","47"
"Embu","Polio 0 vaccination received","","2014","89.9"
"Embu","Polio 0 vaccination received","","2022","100"
"Embu","Hepatitis 1 vaccination received","","2022","100"
"Embu","Hepatitis 2 vaccination received","","2022","100"
"Embu","Hepatitis 3 vaccination received","","2022","97.2"
"Embu","Haemophilus influenza type b 1 vaccination received","","2022","100"
"Embu","Haemophilus influenza type b 2 vaccination received","","2022","100"
"Embu","Haemophilus influenza type b 3 vaccination received","","2022","97.2"
"Isiolo","BCG vaccination received","","2014","96.4"
"Isiolo","BCG vaccination received","","2022","97.1"
"Isiolo","DPT 1 vaccination received","","2014","98.6"
"Isiolo","DPT 1 vaccination received","","2022","96.8"
"Isiolo","DPT 2 vaccination received","","2014","96.5"
"Isiolo","DPT 2 vaccination received","","2022","94.2"
"Isiolo","DPT 3 vaccination received","","2014","94.4"
"Isiolo","DPT 3 vaccination received","","2022","88.7"
"Isiolo","Polio 1 vaccination received","","2014","98.6"
"Isiolo","Polio 1 vaccination received","","2022","86.7"
"Isiolo","Polio 2 vaccination received","","2014","95.9"
"Isiolo","Polio 2 vaccination received","","2022","81.4"
"Isiolo","Polio 3 vaccination received","","2014","93.7"
"Isiolo","Polio 3 vaccination received","","2022","59.4"
"Isiolo","Measles vaccination received","","2014","86.5"
"Isiolo","Measles vaccination received","","2022","78.6"
"Isiolo","Received all 8 basic vaccinations","","2014","83.3"
"Isiolo","Received all 8 basic vaccinations","","2022","69.7"
"Isiolo","Received no vaccinations","","2014","1.4"
"Isiolo","Received no vaccinations","","2022","1.5"
"Isiolo","Number of children 12-23 months","","2014","20"
"Isiolo","Number of children 12-23 months","","2022","19"
"Isiolo","Number of children 12-23 months (unweighted)","","2014","117"
"Isiolo","Number of children 12-23 months (unweighted)","","2022","93"
"Isiolo","Polio 0 vaccination received","","2014","72"
"Isiolo","Polio 0 vaccination received","","2022","84.3"
"Isiolo","Hepatitis 1 vaccination received","","2022","96.8"
"Isiolo","Hepatitis 2 vaccination received","","2022","94.2"
"Isiolo","Hepatitis 3 vaccination received","","2022","88.7"
"Isiolo","Haemophilus influenza type b 1 vaccination received","","2022","96.8"
"Isiolo","Haemophilus influenza type b 2 vaccination received","","2022","94.2"
"Isiolo","Haemophilus influenza type b 3 vaccination received","","2022","88.7"
"Kitui","BCG vaccination received","","2014","96.1"
"Kitui","BCG vaccination received","","2022","86.6"
"Kitui","DPT 1 vaccination received","","2014","96.1"
"Kitui","DPT 1 vaccination received","","2022","91"
"Kitui","DPT 2 vaccination received","","2014","93.1"
"Kitui","DPT 2 vaccination received","","2022","86.7"
"Kitui","DPT 3 vaccination received","","2014","81.5"
"Kitui","DPT 3 vaccination received","","2022","83.9"
"Kitui","Polio 1 vaccination received","","2014","97.7"
"Kitui","Polio 1 vaccination received","","2022","90.8"
"Kitui","Polio 2 vaccination received","","2014","93.1"
"Kitui","Polio 2 vaccination received","","2022","90.8"
"Kitui","Polio 3 vaccination received","","2014","81.9"
"Kitui","Polio 3 vaccination received","","2022","78.7"
"Kitui","Measles vaccination received","","2014","84.9"
"Kitui","Measles vaccination received","","2022","83.1"
"Kitui","Received all 8 basic vaccinations","","2014","69.3"
"Kitui","Received all 8 basic vaccinations","","2022","72.5"
"Kitui","Received no vaccinations","","2014","2.3"
"Kitui","Received no vaccinations","","2022","7"
"Kitui","Number of children 12-23 months","","2014","76"
"Kitui","Number of children 12-23 months","","2022","80"
"Kitui","Number of children 12-23 months (unweighted)","","2014","73"
"Kitui","Number of children 12-23 months (unweighted)","","2022","74"
"Kitui","Polio 0 vaccination received","","2014","42.7"
"Kitui","Polio 0 vaccination received","","2022","73.5"
"Kitui","Hepatitis 1 vaccination received","","2022","91"
"Kitui","Hepatitis 2 vaccination received","","2022","86.7"
"Kitui","Hepatitis 3 vaccination received","","2022","83.9"
"Kitui","Haemophilus influenza type b 1 vaccination received","","2022","91"
"Kitui","Haemophilus influenza type b 2 vaccination received","","2022","86.7"
"Kitui","Haemophilus influenza type b 3 vaccination received","","2022","83.9"
"Makueni","BCG vaccination received","","2014","100"
"Makueni","BCG vaccination received","","2022","97.8"
"Makueni","DPT 1 vaccination received","","2014","100"
"Makueni","DPT 1 vaccination received","","2022","97.8"
"Makueni","DPT 2 vaccination received","","2014","100"
"Makueni","DPT 2 vaccination received","","2022","89.6"
"Makueni","DPT 3 vaccination received","","2014","99.1"
"Makueni","DPT 3 vaccination received","","2022","85.5"
"Makueni","Polio 1 vaccination received","","2014","100"
"Makueni","Polio 1 vaccination received","","2022","97.8"
"Makueni","Polio 2 vaccination received","","2014","96.2"
"Makueni","Polio 2 vaccination received","","2022","96.2"
"Makueni","Polio 3 vaccination received","","2014","95.3"
"Makueni","Polio 3 vaccination received","","2022","84.9"
"Makueni","Measles vaccination received","","2014","96.8"
"Makueni","Measles vaccination received","","2022","93.3"
"Makueni","Received all 8 basic vaccinations","","2014","92"
"Makueni","Received all 8 basic vaccinations","","2022","82"
"Makueni","Received no vaccinations","","2014","0"
"Makueni","Received no vaccinations","","2022","2.2"
"Makueni","Number of children 12-23 months","","2014","63"
"Makueni","Number of children 12-23 months","","2022","63"
"Makueni","Number of children 12-23 months (unweighted)","","2014","71"
"Makueni","Number of children 12-23 months (unweighted)","","2022","69"
"Makueni","Polio 0 vaccination received","","2014","75.6"
"Makueni","Polio 0 vaccination received","","2022","95.5"
"Makueni","Hepatitis 1 vaccination received","","2022","97.8"
"Makueni","Hepatitis 2 vaccination received","","2022","89.6"
"Makueni","Hepatitis 3 vaccination received","","2022","85.5"
"Makueni","Haemophilus influenza type b 1 vaccination received","","2022","97.8"
"Makueni","Haemophilus influenza type b 2 vaccination received","","2022","89.6"
"Makueni","Haemophilus influenza type b 3 vaccination received","","2022","85.5"
"Marsabit","BCG vaccination received","","2014","92.6"
"Marsabit","BCG vaccination received","","2022","94.8"
"Marsabit","DPT 1 vaccination received","","2014","96.4"
"Marsabit","DPT 1 vaccination received","","2022","93.2"
"Marsabit","DPT 2 vaccination received","","2014","93.4"
"Marsabit","DPT 2 vaccination received","","2022","89.7"
"Marsabit","DPT 3 vaccination received","","2014","85.7"
"Marsabit","DPT 3 vaccination received","","2022","84.7"
"Marsabit","Polio 1 vaccination received","","2014","99"
"Marsabit","Polio 1 vaccination received","","2022","92.1"
"Marsabit","Polio 2 vaccination received","","2014","95.6"
"Marsabit","Polio 2 vaccination received","","2022","86.3"
"Marsabit","Polio 3 vaccination received","","2014","88.3"
"Marsabit","Polio 3 vaccination received","","2022","52.9"
"Marsabit","Measles vaccination received","","2014","76.8"
"Marsabit","Measles vaccination received","","2022","79.2"
"Marsabit","Received all 8 basic vaccinations","","2014","70.8"
"Marsabit","Received all 8 basic vaccinations","","2022","68.8"
"Marsabit","Received no vaccinations","","2014","1"
"Marsabit","Received no vaccinations","","2022","4.4"
"Marsabit","Number of children 12-23 months","","2014","16"
"Marsabit","Number of children 12-23 months","","2022","24"
"Marsabit","Number of children 12-23 months (unweighted)","","2014","81"
"Marsabit","Number of children 12-23 months (unweighted)","","2022","97"
"Marsabit","Polio 0 vaccination received","","2014","41.2"
"Marsabit","Polio 0 vaccination received","","2022","75.9"
"Marsabit","Hepatitis 1 vaccination received","","2022","93.2"
"Marsabit","Hepatitis 2 vaccination received","","2022","89.7"
"Marsabit","Hepatitis 3 vaccination received","","2022","84.7"
"Marsabit","Haemophilus influenza type b 1 vaccination received","","2022","93.2"
"Marsabit","Haemophilus influenza type b 2 vaccination received","","2022","89.7"
"Marsabit","Haemophilus influenza type b 3 vaccination received","","2022","84.7"
"Machakos","BCG vaccination received","","2014","100"
"Machakos","BCG vaccination received","","2022","95.2"
"Machakos","DPT 1 vaccination received","","2014","100"
"Machakos","DPT 1 vaccination received","","2022","97.6"
"Machakos","DPT 2 vaccination received","","2014","100"
"Machakos","DPT 2 vaccination received","","2022","93.8"
"Machakos","DPT 3 vaccination received","","2014","97.8"
"Machakos","DPT 3 vaccination received","","2022","92.3"
"Machakos","Polio 1 vaccination received","","2014","98.4"
"Machakos","Polio 1 vaccination received","","2022","97.6"
"Machakos","Polio 2 vaccination received","","2014","98.4"
"Machakos","Polio 2 vaccination received","","2022","97.6"
"Machakos","Polio 3 vaccination received","","2014","96.2"
"Machakos","Polio 3 vaccination received","","2022","91.3"
"Machakos","Measles vaccination received","","2014","97.2"
"Machakos","Measles vaccination received","","2022","98"
"Machakos","Received all 8 basic vaccinations","","2014","93.4"
"Machakos","Received all 8 basic vaccinations","","2022","87.8"
"Machakos","Received no vaccinations","","2014","0"
"Machakos","Received no vaccinations","","2022","0"
"Machakos","Number of children 12-23 months","","2014","86"
"Machakos","Number of children 12-23 months","","2022","68"
"Machakos","Number of children 12-23 months (unweighted)","","2014","70"
"Machakos","Number of children 12-23 months (unweighted)","","2022","47"
"Machakos","Polio 0 vaccination received","","2014","86"
"Machakos","Polio 0 vaccination received","","2022","90.9"
"Machakos","Hepatitis 1 vaccination received","","2022","97.6"
"Machakos","Hepatitis 2 vaccination received","","2022","93.8"
"Machakos","Hepatitis 3 vaccination received","","2022","92.3"
"Machakos","Haemophilus influenza type b 1 vaccination received","","2022","97.6"
"Machakos","Haemophilus influenza type b 2 vaccination received","","2022","93.8"
"Machakos","Haemophilus influenza type b 3 vaccination received","","2022","92.3"
"Meru","BCG vaccination received","","2014","99.2"
"Meru","BCG vaccination received","","2022","100"
"Meru","DPT 1 vaccination received","","2014","100"
"Meru","DPT 1 vaccination received","","2022","98.3"
"Meru","DPT 2 vaccination received","","2014","100"
"Meru","DPT 2 vaccination received","","2022","96.3"
"Meru","DPT 3 vaccination received","","2014","93.6"
"Meru","DPT 3 vaccination received","","2022","92.3"
"Meru","Polio 1 vaccination received","","2014","100"
"Meru","Polio 1 vaccination received","","2022","96.9"
"Meru","Polio 2 vaccination received","","2014","100"
"Meru","Polio 2 vaccination received","","2022","89.5"
"Meru","Polio 3 vaccination received","","2014","92.4"
"Meru","Polio 3 vaccination received","","2022","79.1"
"Meru","Measles vaccination received","","2014","91.3"
"Meru","Measles vaccination received","","2022","97.4"
"Meru","Received all 8 basic vaccinations","","2014","88.4"
"Meru","Received all 8 basic vaccinations","","2022","81.9"
"Meru","Received no vaccinations","","2014","0"
"Meru","Received no vaccinations","","2022","0"
"Meru","Number of children 12-23 months","","2014","95"
"Meru","Number of children 12-23 months","","2022","92"
"Meru","Number of children 12-23 months (unweighted)","","2014","64"
"Meru","Number of children 12-23 months (unweighted)","","2022","55"
"Meru","Polio 0 vaccination received","","2014","69"
"Meru","Polio 0 vaccination received","","2022","90.8"
"Meru","Hepatitis 1 vaccination received","","2022","98.3"
"Meru","Hepatitis 2 vaccination received","","2022","96.3"
"Meru","Hepatitis 3 vaccination received","","2022","92.3"
"Meru","Haemophilus influenza type b 1 vaccination received","","2022","98.3"
"Meru","Haemophilus influenza type b 2 vaccination received","","2022","96.3"
"Meru","Haemophilus influenza type b 3 vaccination received","","2022","92.3"
"Tharaka-Nithi","BCG vaccination received","","2014","100"
"Tharaka-Nithi","BCG vaccination received","","2022","100"
"Tharaka-Nithi","DPT 1 vaccination received","","2014","98.3"
"Tharaka-Nithi","DPT 1 vaccination received","","2022","100"
"Tharaka-Nithi","DPT 2 vaccination received","","2014","98.3"
"Tharaka-Nithi","DPT 2 vaccination received","","2022","98"
"Tharaka-Nithi","DPT 3 vaccination received","","2014","96.8"
"Tharaka-Nithi","DPT 3 vaccination received","","2022","96.3"
"Tharaka-Nithi","Polio 1 vaccination received","","2014","100"
"Tharaka-Nithi","Polio 1 vaccination received","","2022","100"
"Tharaka-Nithi","Polio 2 vaccination received","","2014","100"
"Tharaka-Nithi","Polio 2 vaccination received","","2022","98"
"Tharaka-Nithi","Polio 3 vaccination received","","2014","98.3"
"Tharaka-Nithi","Polio 3 vaccination received","","2022","91.9"
"Tharaka-Nithi","Measles vaccination received","","2014","98.5"
"Tharaka-Nithi","Measles vaccination received","","2022","96.3"
"Tharaka-Nithi","Received all 8 basic vaccinations","","2014","95.3"
"Tharaka-Nithi","Received all 8 basic vaccinations","","2022","94.9"
"Tharaka-Nithi","Received no vaccinations","","2014","0"
"Tharaka-Nithi","Received no vaccinations","","2022","0"
"Tharaka-Nithi","Number of children 12-23 months","","2014","33"
"Tharaka-Nithi","Number of children 12-23 months","","2022","24"
"Tharaka-Nithi","Number of children 12-23 months (unweighted)","","2014","55"
"Tharaka-Nithi","Number of children 12-23 months (unweighted)","","2022","50"
"Tharaka-Nithi","Polio 0 vaccination received","","2014","95.3"
"Tharaka-Nithi","Polio 0 vaccination received","","2022","95.6"
"Tharaka-Nithi","Hepatitis 1 vaccination received","","2022","100"
"Tharaka-Nithi","Hepatitis 2 vaccination received","","2022","98"
"Tharaka-Nithi","Hepatitis 3 vaccination received","","2022","96.3"
"Tharaka-Nithi","Haemophilus influenza type b 1 vaccination received","","2022","100"
"Tharaka-Nithi","Haemophilus influenza type b 2 vaccination received","","2022","98"
"Tharaka-Nithi","Haemophilus influenza type b 3 vaccination received","","2022","96.3"
"Garissa","BCG vaccination received","","2014","80.3"
"Garissa","BCG vaccination received","","2022","63.2"
"Garissa","DPT 1 vaccination received","","2014","94.4"
"Garissa","DPT 1 vaccination received","","2022","63.3"
"Garissa","DPT 2 vaccination received","","2014","93.9"
"Garissa","DPT 2 vaccination received","","2022","40.8"
"Garissa","DPT 3 vaccination received","","2014","91.6"
"Garissa","DPT 3 vaccination received","","2022","36.4"
"Garissa","Polio 1 vaccination received","","2014","94.4"
"Garissa","Polio 1 vaccination received","","2022","63"
"Garissa","Polio 2 vaccination received","","2014","88.2"
"Garissa","Polio 2 vaccination received","","2022","56"
"Garissa","Polio 3 vaccination received","","2014","84.1"
"Garissa","Polio 3 vaccination received","","2022","35.2"
"Garissa","Measles vaccination received","","2014","81.2"
"Garissa","Measles vaccination received","","2022","42.7"
"Garissa","Received all 8 basic vaccinations","","2014","62.1"
"Garissa","Received all 8 basic vaccinations","","2022","22.9"
"Garissa","Received no vaccinations","","2014","5.6"
"Garissa","Received no vaccinations","","2022","35.1"
"Garissa","Number of children 12-23 months","","2014","43"
"Garissa","Number of children 12-23 months","","2022","37"
"Garissa","Number of children 12-23 months (unweighted)","","2014","100"
"Garissa","Number of children 12-23 months (unweighted)","","2022","95"
"Garissa","Polio 0 vaccination received","","2014","49.8"
"Garissa","Polio 0 vaccination received","","2022","51.5"
"Garissa","Hepatitis 1 vaccination received","","2022","63.3"
"Garissa","Hepatitis 2 vaccination received","","2022","40.8"
"Garissa","Hepatitis 3 vaccination received","","2022","36.4"
"Garissa","Haemophilus influenza type b 1 vaccination received","","2022","63.3"
"Garissa","Haemophilus influenza type b 2 vaccination received","","2022","40.8"
"Garissa","Haemophilus influenza type b 3 vaccination received","","2022","36.4"
"Mandera","BCG vaccination received","","2014","71.8"
"Mandera","BCG vaccination received","","2022","63.2"
"Mandera","DPT 1 vaccination received","","2014","68.3"
"Mandera","DPT 1 vaccination received","","2022","63.8"
"Mandera","DPT 2 vaccination received","","2014","56.5"
"Mandera","DPT 2 vaccination received","","2022","52.2"
"Mandera","DPT 3 vaccination received","","2014","48.8"
"Mandera","DPT 3 vaccination received","","2022","43.8"
"Mandera","Polio 1 vaccination received","","2014","71.8"
"Mandera","Polio 1 vaccination received","","2022","62"
"Mandera","Polio 2 vaccination received","","2014","60.1"
"Mandera","Polio 2 vaccination received","","2022","59.2"
"Mandera","Polio 3 vaccination received","","2014","52.3"
"Mandera","Polio 3 vaccination received","","2022","38.9"
"Mandera","Measles vaccination received","","2014","61.7"
"Mandera","Measles vaccination received","","2022","42.4"
"Mandera","Received all 8 basic vaccinations","","2014","43.8"
"Mandera","Received all 8 basic vaccinations","","2022","29.1"
"Mandera","Received no vaccinations","","2014","28.2"
"Mandera","Received no vaccinations","","2022","33.8"
"Mandera","Number of children 12-23 months","","2014","24"
"Mandera","Number of children 12-23 months","","2022","47"
"Mandera","Number of children 12-23 months (unweighted)","","2014","74"
"Mandera","Number of children 12-23 months (unweighted)","","2022","160"
"Mandera","Polio 0 vaccination received","","2014","31.3"
"Mandera","Polio 0 vaccination received","","2022","35.1"
"Mandera","Hepatitis 1 vaccination received","","2022","63.8"
"Mandera","Hepatitis 2 vaccination received","","2022","52.2"
"Mandera","Hepatitis 3 vaccination received","","2022","43.8"
"Mandera","Haemophilus influenza type b 1 vaccination received","","2022","63.8"
"Mandera","Haemophilus influenza type b 2 vaccination received","","2022","52.2"
"Mandera","Haemophilus influenza type b 3 vaccination received","","2022","43.8"
"Wajir","BCG vaccination received","","2014","91"
"Wajir","BCG vaccination received","","2022","94.7"
"Wajir","DPT 1 vaccination received","","2014","90.8"
"Wajir","DPT 1 vaccination received","","2022","94.6"
"Wajir","DPT 2 vaccination received","","2014","86.2"
"Wajir","DPT 2 vaccination received","","2022","83.3"
"Wajir","DPT 3 vaccination received","","2014","79.1"
"Wajir","DPT 3 vaccination received","","2022","66.5"
"Wajir","Polio 1 vaccination received","","2014","91.7"
"Wajir","Polio 1 vaccination received","","2022","93.7"
"Wajir","Polio 2 vaccination received","","2014","87.4"
"Wajir","Polio 2 vaccination received","","2022","81.1"
"Wajir","Polio 3 vaccination received","","2014","77"
"Wajir","Polio 3 vaccination received","","2022","58"
"Wajir","Measles vaccination received","","2014","64.5"
"Wajir","Measles vaccination received","","2022","74.8"
"Wajir","Received all 8 basic vaccinations","","2014","55.8"
"Wajir","Received all 8 basic vaccinations","","2022","48.6"
"Wajir","Received no vaccinations","","2014","6.6"
"Wajir","Received no vaccinations","","2022","2.3"
"Wajir","Number of children 12-23 months","","2014","54"
"Wajir","Number of children 12-23 months","","2022","28"
"Wajir","Number of children 12-23 months (unweighted)","","2014","121"
"Wajir","Number of children 12-23 months (unweighted)","","2022","115"
"Wajir","Polio 0 vaccination received","","2014","39.2"
"Wajir","Polio 0 vaccination received","","2022","47.9"
"Wajir","Hepatitis 1 vaccination received","","2022","94.6"
"Wajir","Hepatitis 2 vaccination received","","2022","83.3"
"Wajir","Hepatitis 3 vaccination received","","2022","66.5"
"Wajir","Haemophilus influenza type b 1 vaccination received","","2022","94.6"
"Wajir","Haemophilus influenza type b 2 vaccination received","","2022","83.3"
"Wajir","Haemophilus influenza type b 3 vaccination received","","2022","66.5"
"Homa Bay","BCG vaccination received","","2014","94.5"
"Homa Bay","BCG vaccination received","","2022","98.3"
"Homa Bay","DPT 1 vaccination received","","2014","97.9"
"Homa Bay","DPT 1 vaccination received","","2022","97.5"
"Homa Bay","DPT 2 vaccination received","","2014","97.2"
"Homa Bay","DPT 2 vaccination received","","2022","94.7"
"Homa Bay","DPT 3 vaccination received","","2014","82.3"
"Homa Bay","DPT 3 vaccination received","","2022","86.2"
"Homa Bay","Polio 1 vaccination received","","2014","97.9"
"Homa Bay","Polio 1 vaccination received","","2022","97.6"
"Homa Bay","Polio 2 vaccination received","","2014","95.3"
"Homa Bay","Polio 2 vaccination received","","2022","91.4"
"Homa Bay","Polio 3 vaccination received","","2014","84.7"
"Homa Bay","Polio 3 vaccination received","","2022","74.8"
"Homa Bay","Measles vaccination received","","2014","80.3"
"Homa Bay","Measles vaccination received","","2022","89"
"Homa Bay","Received all 8 basic vaccinations","","2014","69"
"Homa Bay","Received all 8 basic vaccinations","","2022","75.8"
"Homa Bay","Received no vaccinations","","2014","2.1"
"Homa Bay","Received no vaccinations","","2022","0"
"Homa Bay","Number of children 12-23 months","","2014","131"
"Homa Bay","Number of children 12-23 months","","2022","63"
"Homa Bay","Number of children 12-23 months (unweighted)","","2014","110"
"Homa Bay","Number of children 12-23 months (unweighted)","","2022","72"
"Homa Bay","Polio 0 vaccination received","","2014","64.8"
"Homa Bay","Polio 0 vaccination received","","2022","94.1"
"Homa Bay","Hepatitis 1 vaccination received","","2022","97.5"
"Homa Bay","Hepatitis 2 vaccination received","","2022","94.7"
"Homa Bay","Hepatitis 3 vaccination received","","2022","86.2"
"Homa Bay","Haemophilus influenza type b 1 vaccination received","","2022","97.5"
"Homa Bay","Haemophilus influenza type b 2 vaccination received","","2022","94.7"
"Homa Bay","Haemophilus influenza type b 3 vaccination received","","2022","86.2"
"Kisumu","BCG vaccination received","","2014","97.2"
"Kisumu","BCG vaccination received","","2022","97.7"
"Kisumu","DPT 1 vaccination received","","2014","97.6"
"Kisumu","DPT 1 vaccination received","","2022","100"
"Kisumu","DPT 2 vaccination received","","2014","97.6"
"Kisumu","DPT 2 vaccination received","","2022","87.6"
"Kisumu","DPT 3 vaccination received","","2014","87"
"Kisumu","DPT 3 vaccination received","","2022","87.6"
"Kisumu","Polio 1 vaccination received","","2014","97.6"
"Kisumu","Polio 1 vaccination received","","2022","98.7"
"Kisumu","Polio 2 vaccination received","","2014","96.4"
"Kisumu","Polio 2 vaccination received","","2022","98.7"
"Kisumu","Polio 3 vaccination received","","2014","87.7"
"Kisumu","Polio 3 vaccination received","","2022","85.2"
"Kisumu","Measles vaccination received","","2014","89.5"
"Kisumu","Measles vaccination received","","2022","93.5"
"Kisumu","Received all 8 basic vaccinations","","2014","78.9"
"Kisumu","Received all 8 basic vaccinations","","2022","78.9"
"Kisumu","Received no vaccinations","","2014","2.4"
"Kisumu","Received no vaccinations","","2022","0"
"Kisumu","Number of children 12-23 months","","2014","96"
"Kisumu","Number of children 12-23 months","","2022","85"
"Kisumu","Number of children 12-23 months (unweighted)","","2014","91"
"Kisumu","Number of children 12-23 months (unweighted)","","2022","82"
"Kisumu","Polio 0 vaccination received","","2014","76.3"
"Kisumu","Polio 0 vaccination received","","2022","91.4"
"Kisumu","Hepatitis 1 vaccination received","","2022","100"
"Kisumu","Hepatitis 2 vaccination received","","2022","87.6"
"Kisumu","Hepatitis 3 vaccination received","","2022","87.6"
"Kisumu","Haemophilus influenza type b 1 vaccination received","","2022","100"
"Kisumu","Haemophilus influenza type b 2 vaccination received","","2022","87.6"
"Kisumu","Haemophilus influenza type b 3 vaccination received","","2022","87.6"
"Kisii","BCG vaccination received","","2014","100"
"Kisii","BCG vaccination received","","2022","99.1"
"Kisii","DPT 1 vaccination received","","2014","97.8"
"Kisii","DPT 1 vaccination received","","2022","99.1"
"Kisii","DPT 2 vaccination received","","2014","97.8"
"Kisii","DPT 2 vaccination received","","2022","95.7"
"Kisii","DPT 3 vaccination received","","2014","95.3"
"Kisii","DPT 3 vaccination received","","2022","95.7"
"Kisii","Polio 1 vaccination received","","2014","99.1"
"Kisii","Polio 1 vaccination received","","2022","99.1"
"Kisii","Polio 2 vaccination received","","2014","99.1"
"Kisii","Polio 2 vaccination received","","2022","95.6"
"Kisii","Polio 3 vaccination received","","2014","97.2"
"Kisii","Polio 3 vaccination received","","2022","88.5"
"Kisii","Measles vaccination received","","2014","86.5"
"Kisii","Measles vaccination received","","2022","94.6"
"Kisii","Received all 8 basic vaccinations","","2014","84.6"
"Kisii","Received all 8 basic vaccinations","","2022","89.7"
"Kisii","Received no vaccinations","","2014","0"
"Kisii","Received no vaccinations","","2022","0.9"
"Kisii","Number of children 12-23 months","","2014","99"
"Kisii","Number of children 12-23 months","","2022","71"
"Kisii","Number of children 12-23 months (unweighted)","","2014","87"
"Kisii","Number of children 12-23 months (unweighted)","","2022","60"
"Kisii","Polio 0 vaccination received","","2014","90.5"
"Kisii","Polio 0 vaccination received","","2022","98.5"
"Kisii","Hepatitis 1 vaccination received","","2022","99.1"
"Kisii","Hepatitis 2 vaccination received","","2022","95.7"
"Kisii","Hepatitis 3 vaccination received","","2022","95.7"
"Kisii","Haemophilus influenza type b 1 vaccination received","","2022","99.1"
"Kisii","Haemophilus influenza type b 2 vaccination received","","2022","95.7"
"Kisii","Haemophilus influenza type b 3 vaccination received","","2022","95.7"
"Migori","BCG vaccination received","","2014","87.6"
"Migori","BCG vaccination received","","2022","99.6"
"Migori","DPT 1 vaccination received","","2014","99.6"
"Migori","DPT 1 vaccination received","","2022","99.6"
"Migori","DPT 2 vaccination received","","2014","97.7"
"Migori","DPT 2 vaccination received","","2022","98.3"
"Migori","DPT 3 vaccination received","","2014","89.9"
"Migori","DPT 3 vaccination received","","2022","91.3"
"Migori","Polio 1 vaccination received","","2014","98.9"
"Migori","Polio 1 vaccination received","","2022","98"
"Migori","Polio 2 vaccination received","","2014","96.9"
"Migori","Polio 2 vaccination received","","2022","95.7"
"Migori","Polio 3 vaccination received","","2014","92.4"
"Migori","Polio 3 vaccination received","","2022","84.9"
"Migori","Measles vaccination received","","2014","82"
"Migori","Measles vaccination received","","2022","93.1"
"Migori","Received all 8 basic vaccinations","","2014","70.3"
"Migori","Received all 8 basic vaccinations","","2022","85.6"
"Migori","Received no vaccinations","","2014","0.4"
"Migori","Received no vaccinations","","2022","0.4"
"Migori","Number of children 12-23 months","","2014","102"
"Migori","Number of children 12-23 months","","2022","89"
"Migori","Number of children 12-23 months (unweighted)","","2014","124"
"Migori","Number of children 12-23 months (unweighted)","","2022","102"
"Migori","Polio 0 vaccination received","","2014","39.9"
"Migori","Polio 0 vaccination received","","2022","91.8"
"Migori","Hepatitis 1 vaccination received","","2022","99.6"
"Migori","Hepatitis 2 vaccination received","","2022","98.3"
"Migori","Hepatitis 3 vaccination received","","2022","91.3"
"Migori","Haemophilus influenza type b 1 vaccination received","","2022","99.6"
"Migori","Haemophilus influenza type b 2 vaccination received","","2022","98.3"
"Migori","Haemophilus influenza type b 3 vaccination received","","2022","91.3"
"Nyamira","BCG vaccination received","","2014","99"
"Nyamira","BCG vaccination received","","2022","100"
"Nyamira","DPT 1 vaccination received","","2014","99"
"Nyamira","DPT 1 vaccination received","","2022","100"
"Nyamira","DPT 2 vaccination received","","2014","99"
"Nyamira","DPT 2 vaccination received","","2022","96"
"Nyamira","DPT 3 vaccination received","","2014","97.6"
"Nyamira","DPT 3 vaccination received","","2022","95.5"
"Nyamira","Polio 1 vaccination received","","2014","100"
"Nyamira","Polio 1 vaccination received","","2022","97.4"
"Nyamira","Polio 2 vaccination received","","2014","100"
"Nyamira","Polio 2 vaccination received","","2022","94.8"
"Nyamira","Polio 3 vaccination received","","2014","97"
"Nyamira","Polio 3 vaccination received","","2022","88.8"
"Nyamira","Measles vaccination received","","2014","98"
"Nyamira","Measles vaccination received","","2022","92.5"
"Nyamira","Received all 8 basic vaccinations","","2014","95"
"Nyamira","Received all 8 basic vaccinations","","2022","82.7"
"Nyamira","Received no vaccinations","","2014","0"
"Nyamira","Received no vaccinations","","2022","0"
"Nyamira","Number of children 12-23 months","","2014","39"
"Nyamira","Number of children 12-23 months","","2022","24"
"Nyamira","Number of children 12-23 months (unweighted)","","2014","70"
"Nyamira","Number of children 12-23 months (unweighted)","","2022","44"
"Nyamira","Polio 0 vaccination received","","2014","88"
"Nyamira","Polio 0 vaccination received","","2022","94.8"
"Nyamira","Hepatitis 1 vaccination received","","2022","100"
"Nyamira","Hepatitis 2 vaccination received","","2022","96"
"Nyamira","Hepatitis 3 vaccination received","","2022","95.5"
"Nyamira","Haemophilus influenza type b 1 vaccination received","","2022","100"
"Nyamira","Haemophilus influenza type b 2 vaccination received","","2022","96"
"Nyamira","Haemophilus influenza type b 3 vaccination received","","2022","95.5"
"Siaya","BCG vaccination received","","2014","98.4"
"Siaya","BCG vaccination received","","2022","99.3"
"Siaya","DPT 1 vaccination received","","2014","100"
"Siaya","DPT 1 vaccination received","","2022","99.3"
"Siaya","DPT 2 vaccination received","","2014","100"
"Siaya","DPT 2 vaccination received","","2022","97.5"
"Siaya","DPT 3 vaccination received","","2014","93.9"
"Siaya","DPT 3 vaccination received","","2022","93.9"
"Siaya","Polio 1 vaccination received","","2014","100"
"Siaya","Polio 1 vaccination received","","2022","99.3"
"Siaya","Polio 2 vaccination received","","2014","100"
"Siaya","Polio 2 vaccination received","","2022","95.6"
"Siaya","Polio 3 vaccination received","","2014","91.9"
"Siaya","Polio 3 vaccination received","","2022","84.4"
"Siaya","Measles vaccination received","","2014","84.8"
"Siaya","Measles vaccination received","","2022","94.1"
"Siaya","Received all 8 basic vaccinations","","2014","79.3"
"Siaya","Received all 8 basic vaccinations","","2022","88.1"
"Siaya","Received no vaccinations","","2014","0"
"Siaya","Received no vaccinations","","2022","0.7"
"Siaya","Number of children 12-23 months","","2014","84"
"Siaya","Number of children 12-23 months","","2022","58"
"Siaya","Number of children 12-23 months (unweighted)","","2014","98"
"Siaya","Number of children 12-23 months (unweighted)","","2022","73"
"Siaya","Polio 0 vaccination received","","2014","78.6"
"Siaya","Polio 0 vaccination received","","2022","95.1"
"Siaya","Hepatitis 1 vaccination received","","2022","99.3"
"Siaya","Hepatitis 2 vaccination received","","2022","97.5"
"Siaya","Hepatitis 3 vaccination received","","2022","93.9"
"Siaya","Haemophilus influenza type b 1 vaccination received","","2022","99.3"
"Siaya","Haemophilus influenza type b 2 vaccination received","","2022","97.5"
"Siaya","Haemophilus influenza type b 3 vaccination received","","2022","93.9"
"Baringo","BCG vaccination received","","2014","100"
"Baringo","BCG vaccination received","","2022","98.3"
"Baringo","DPT 1 vaccination received","","2014","100"
"Baringo","DPT 1 vaccination received","","2022","98"
"Baringo","DPT 2 vaccination received","","2014","98.3"
"Baringo","DPT 2 vaccination received","","2022","98"
"Baringo","DPT 3 vaccination received","","2014","94.5"
"Baringo","DPT 3 vaccination received","","2022","96.2"
"Baringo","Polio 1 vaccination received","","2014","100"
"Baringo","Polio 1 vaccination received","","2022","98"
"Baringo","Polio 2 vaccination received","","2014","99"
"Baringo","Polio 2 vaccination received","","2022","98"
"Baringo","Polio 3 vaccination received","","2014","94.1"
"Baringo","Polio 3 vaccination received","","2022","82.8"
"Baringo","Measles vaccination received","","2014","82.5"
"Baringo","Measles vaccination received","","2022","88.5"
"Baringo","Received all 8 basic vaccinations","","2014","78.3"
"Baringo","Received all 8 basic vaccinations","","2022","84.8"
"Baringo","Received no vaccinations","","2014","0"
"Baringo","Received no vaccinations","","2022","0"
"Baringo","Number of children 12-23 months","","2014","49"
"Baringo","Number of children 12-23 months","","2022","45"
"Baringo","Number of children 12-23 months (unweighted)","","2014","92"
"Baringo","Number of children 12-23 months (unweighted)","","2022","79"
"Baringo","Polio 0 vaccination received","","2014","60.5"
"Baringo","Polio 0 vaccination received","","2022","76.6"
"Baringo","Hepatitis 1 vaccination received","","2022","98"
"Baringo","Hepatitis 2 vaccination received","","2022","98"
"Baringo","Hepatitis 3 vaccination received","","2022","96.2"
"Baringo","Haemophilus influenza type b 1 vaccination received","","2022","98"
"Baringo","Haemophilus influenza type b 2 vaccination received","","2022","98"
"Baringo","Haemophilus influenza type b 3 vaccination received","","2022","96.2"
"Bomet","BCG vaccination received","","2014","100"
"Bomet","BCG vaccination received","","2022","98.5"
"Bomet","DPT 1 vaccination received","","2014","100"
"Bomet","DPT 1 vaccination received","","2022","98.5"
"Bomet","DPT 2 vaccination received","","2014","99.2"
"Bomet","DPT 2 vaccination received","","2022","95.7"
"Bomet","DPT 3 vaccination received","","2014","98"
"Bomet","DPT 3 vaccination received","","2022","89.8"
"Bomet","Polio 1 vaccination received","","2014","100"
"Bomet","Polio 1 vaccination received","","2022","98.5"
"Bomet","Polio 2 vaccination received","","2014","100"
"Bomet","Polio 2 vaccination received","","2022","98.5"
"Bomet","Polio 3 vaccination received","","2014","95.6"
"Bomet","Polio 3 vaccination received","","2022","91.2"
"Bomet","Measles vaccination received","","2014","92.1"
"Bomet","Measles vaccination received","","2022","92.7"
"Bomet","Received all 8 basic vaccinations","","2014","87"
"Bomet","Received all 8 basic vaccinations","","2022","83.9"
"Bomet","Received no vaccinations","","2014","0"
"Bomet","Received no vaccinations","","2022","1.5"
"Bomet","Number of children 12-23 months","","2014","84"
"Bomet","Number of children 12-23 months","","2022","66"
"Bomet","Number of children 12-23 months (unweighted)","","2014","83"
"Bomet","Number of children 12-23 months (unweighted)","","2022","81"
"Bomet","Polio 0 vaccination received","","2014","62.4"
"Bomet","Polio 0 vaccination received","","2022","87.7"
"Bomet","Hepatitis 1 vaccination received","","2022","98.5"
"Bomet","Hepatitis 2 vaccination received","","2022","95.7"
"Bomet","Hepatitis 3 vaccination received","","2022","89.8"
"Bomet","Haemophilus influenza type b 1 vaccination received","","2022","98.5"
"Bomet","Haemophilus influenza type b 2 vaccination received","","2022","95.7"
"Bomet","Haemophilus influenza type b 3 vaccination received","","2022","89.8"
"Elgeyo Marakwet","BCG vaccination received","","2014","100"
"Elgeyo Marakwet","BCG vaccination received","","2022","97.6"
"Elgeyo Marakwet","DPT 1 vaccination received","","2014","100"
"Elgeyo Marakwet","DPT 1 vaccination received","","2022","94.9"
"Elgeyo Marakwet","DPT 2 vaccination received","","2014","97.9"
"Elgeyo Marakwet","DPT 2 vaccination received","","2022","88.8"
"Elgeyo Marakwet","DPT 3 vaccination received","","2014","97.9"
"Elgeyo Marakwet","DPT 3 vaccination received","","2022","83.4"
"Elgeyo Marakwet","Polio 1 vaccination received","","2014","99.4"
"Elgeyo Marakwet","Polio 1 vaccination received","","2022","98.2"
"Elgeyo Marakwet","Polio 2 vaccination received","","2014","97.9"
"Elgeyo Marakwet","Polio 2 vaccination received","","2022","91.9"
"Elgeyo Marakwet","Polio 3 vaccination received","","2014","95.3"
"Elgeyo Marakwet","Polio 3 vaccination received","","2022","74.3"
"Elgeyo Marakwet","Measles vaccination received","","2014","86.6"
"Elgeyo Marakwet","Measles vaccination received","","2022","88.3"
"Elgeyo Marakwet","Received all 8 basic vaccinations","","2014","85.9"
"Elgeyo Marakwet","Received all 8 basic vaccinations","","2022","69.8"
"Elgeyo Marakwet","Received no vaccinations","","2014","0"
"Elgeyo Marakwet","Received no vaccinations","","2022","0"
"Elgeyo Marakwet","Number of children 12-23 months","","2014","32"
"Elgeyo Marakwet","Number of children 12-23 months","","2022","37"
"Elgeyo Marakwet","Number of children 12-23 months (unweighted)","","2014","77"
"Elgeyo Marakwet","Number of children 12-23 months (unweighted)","","2022","84"
"Elgeyo Marakwet","Polio 0 vaccination received","","2014","78.4"
"Elgeyo Marakwet","Polio 0 vaccination received","","2022","79"
"Elgeyo Marakwet","Hepatitis 1 vaccination received","","2022","94.9"
"Elgeyo Marakwet","Hepatitis 2 vaccination received","","2022","88.8"
"Elgeyo Marakwet","Hepatitis 3 vaccination received","","2022","83.4"
"Elgeyo Marakwet","Haemophilus influenza type b 1 vaccination received","","2022","94.9"
"Elgeyo Marakwet","Haemophilus influenza type b 2 vaccination received","","2022","88.8"
"Elgeyo Marakwet","Haemophilus influenza type b 3 vaccination received","","2022","83.4"
"Kajiado","BCG vaccination received","","2014","97.7"
"Kajiado","BCG vaccination received","","2022","96.9"
"Kajiado","DPT 1 vaccination received","","2014","97"
"Kajiado","DPT 1 vaccination received","","2022","91.9"
"Kajiado","DPT 2 vaccination received","","2014","92.4"
"Kajiado","DPT 2 vaccination received","","2022","85.6"
"Kajiado","DPT 3 vaccination received","","2014","79.1"
"Kajiado","DPT 3 vaccination received","","2022","73.6"
"Kajiado","Polio 1 vaccination received","","2014","96.2"
"Kajiado","Polio 1 vaccination received","","2022","96.9"
"Kajiado","Polio 2 vaccination received","","2014","87.6"
"Kajiado","Polio 2 vaccination received","","2022","88.9"
"Kajiado","Polio 3 vaccination received","","2014","68.5"
"Kajiado","Polio 3 vaccination received","","2022","71"
"Kajiado","Measles vaccination received","","2014","80.9"
"Kajiado","Measles vaccination received","","2022","81.6"
"Kajiado","Received all 8 basic vaccinations","","2014","58.5"
"Kajiado","Received all 8 basic vaccinations","","2022","61.3"
"Kajiado","Received no vaccinations","","2014","1.1"
"Kajiado","Received no vaccinations","","2022","0.9"
"Kajiado","Number of children 12-23 months","","2014","95"
"Kajiado","Number of children 12-23 months","","2022","87"
"Kajiado","Number of children 12-23 months (unweighted)","","2014","97"
"Kajiado","Number of children 12-23 months (unweighted)","","2022","74"
"Kajiado","Polio 0 vaccination received","","2014","51.9"
"Kajiado","Polio 0 vaccination received","","2022","81.4"
"Kajiado","Hepatitis 1 vaccination received","","2022","91.9"
"Kajiado","Hepatitis 2 vaccination received","","2022","85.6"
"Kajiado","Hepatitis 3 vaccination received","","2022","73.6"
"Kajiado","Haemophilus influenza type b 1 vaccination received","","2022","91.9"
"Kajiado","Haemophilus influenza type b 2 vaccination received","","2022","85.6"
"Kajiado","Haemophilus influenza type b 3 vaccination received","","2022","73.6"
"Kericho","BCG vaccination received","","2014","100"
"Kericho","BCG vaccination received","","2022","94.1"
"Kericho","DPT 1 vaccination received","","2014","100"
"Kericho","DPT 1 vaccination received","","2022","95.4"
"Kericho","DPT 2 vaccination received","","2014","100"
"Kericho","DPT 2 vaccination received","","2022","95.4"
"Kericho","DPT 3 vaccination received","","2014","95.7"
"Kericho","DPT 3 vaccination received","","2022","93"
"Kericho","Polio 1 vaccination received","","2014","100"
"Kericho","Polio 1 vaccination received","","2022","95.4"
"Kericho","Polio 2 vaccination received","","2014","100"
"Kericho","Polio 2 vaccination received","","2022","94.3"
"Kericho","Polio 3 vaccination received","","2014","93"
"Kericho","Polio 3 vaccination received","","2022","71.6"
"Kericho","Measles vaccination received","","2014","82.9"
"Kericho","Measles vaccination received","","2022","89.5"
"Kericho","Received all 8 basic vaccinations","","2014","76.3"
"Kericho","Received all 8 basic vaccinations","","2022","84.7"
"Kericho","Received no vaccinations","","2014","0"
"Kericho","Received no vaccinations","","2022","4.6"
"Kericho","Number of children 12-23 months","","2014","67"
"Kericho","Number of children 12-23 months","","2022","75"
"Kericho","Number of children 12-23 months (unweighted)","","2014","79"
"Kericho","Number of children 12-23 months (unweighted)","","2022","79"
"Kericho","Polio 0 vaccination received","","2014","81"
"Kericho","Polio 0 vaccination received","","2022","82.4"
"Kericho","Hepatitis 1 vaccination received","","2022","95.4"
"Kericho","Hepatitis 2 vaccination received","","2022","95.4"
"Kericho","Hepatitis 3 vaccination received","","2022","93"
"Kericho","Haemophilus influenza type b 1 vaccination received","","2022","95.4"
"Kericho","Haemophilus influenza type b 2 vaccination received","","2022","95.4"
"Kericho","Haemophilus influenza type b 3 vaccination received","","2022","93"
"Laikipia","BCG vaccination received","","2014","98.7"
"Laikipia","BCG vaccination received","","2022","93.9"
"Laikipia","DPT 1 vaccination received","","2014","98.7"
"Laikipia","DPT 1 vaccination received","","2022","97.1"
"Laikipia","DPT 2 vaccination received","","2014","98.7"
"Laikipia","DPT 2 vaccination received","","2022","97.1"
"Laikipia","DPT 3 vaccination received","","2014","89.7"
"Laikipia","DPT 3 vaccination received","","2022","91.9"
"Laikipia","Polio 1 vaccination received","","2014","98.7"
"Laikipia","Polio 1 vaccination received","","2022","97.1"
"Laikipia","Polio 2 vaccination received","","2014","96.3"
"Laikipia","Polio 2 vaccination received","","2022","95.3"
"Laikipia","Polio 3 vaccination received","","2014","91.1"
"Laikipia","Polio 3 vaccination received","","2022","76.9"
"Laikipia","Measles vaccination received","","2014","92.3"
"Laikipia","Measles vaccination received","","2022","90.5"
"Laikipia","Received all 8 basic vaccinations","","2014","83.2"
"Laikipia","Received all 8 basic vaccinations","","2022","83.7"
"Laikipia","Received no vaccinations","","2014","1.3"
"Laikipia","Received no vaccinations","","2022","2.9"
"Laikipia","Number of children 12-23 months","","2014","38"
"Laikipia","Number of children 12-23 months","","2022","36"
"Laikipia","Number of children 12-23 months (unweighted)","","2014","67"
"Laikipia","Number of children 12-23 months (unweighted)","","2022","61"
"Laikipia","Polio 0 vaccination received","","2014","72"
"Laikipia","Polio 0 vaccination received","","2022","88.2"
"Laikipia","Hepatitis 1 vaccination received","","2022","97.1"
"Laikipia","Hepatitis 2 vaccination received","","2022","97.1"
"Laikipia","Hepatitis 3 vaccination received","","2022","91.9"
"Laikipia","Haemophilus influenza type b 1 vaccination received","","2022","97.1"
"Laikipia","Haemophilus influenza type b 2 vaccination received","","2022","97.1"
"Laikipia","Haemophilus influenza type b 3 vaccination received","","2022","91.9"
"Nakuru","BCG vaccination received","","2014","97.2"
"Nakuru","BCG vaccination received","","2022","99.1"
"Nakuru","DPT 1 vaccination received","","2014","97.9"
"Nakuru","DPT 1 vaccination received","","2022","99.1"
"Nakuru","DPT 2 vaccination received","","2014","96.1"
"Nakuru","DPT 2 vaccination received","","2022","99.1"
"Nakuru","DPT 3 vaccination received","","2014","90.9"
"Nakuru","DPT 3 vaccination received","","2022","99.1"
"Nakuru","Polio 1 vaccination received","","2014","97.9"
"Nakuru","Polio 1 vaccination received","","2022","99.1"
"Nakuru","Polio 2 vaccination received","","2014","95.1"
"Nakuru","Polio 2 vaccination received","","2022","99.1"
"Nakuru","Polio 3 vaccination received","","2014","90.4"
"Nakuru","Polio 3 vaccination received","","2022","91.1"
"Nakuru","Measles vaccination received","","2014","86.4"
"Nakuru","Measles vaccination received","","2022","92.4"
"Nakuru","Received all 8 basic vaccinations","","2014","79.2"
"Nakuru","Received all 8 basic vaccinations","","2022","91.5"
"Nakuru","Received no vaccinations","","2014","2.1"
"Nakuru","Received no vaccinations","","2022","0.9"
"Nakuru","Number of children 12-23 months","","2014","167"
"Nakuru","Number of children 12-23 months","","2022","176"
"Nakuru","Number of children 12-23 months (unweighted)","","2014","89"
"Nakuru","Number of children 12-23 months (unweighted)","","2022","88"
"Nakuru","Polio 0 vaccination received","","2014","74.6"
"Nakuru","Polio 0 vaccination received","","2022","92.9"
"Nakuru","Hepatitis 1 vaccination received","","2022","99.1"
"Nakuru","Hepatitis 2 vaccination received","","2022","99.1"
"Nakuru","Hepatitis 3 vaccination received","","2022","99.1"
"Nakuru","Haemophilus influenza type b 1 vaccination received","","2022","99.1"
"Nakuru","Haemophilus influenza type b 2 vaccination received","","2022","99.1"
"Nakuru","Haemophilus influenza type b 3 vaccination received","","2022","99.1"
"Narok","BCG vaccination received","","2014","95"
"Narok","BCG vaccination received","","2022","98.7"
"Narok","DPT 1 vaccination received","","2014","96.3"
"Narok","DPT 1 vaccination received","","2022","97.5"
"Narok","DPT 2 vaccination received","","2014","91.2"
"Narok","DPT 2 vaccination received","","2022","97.5"
"Narok","DPT 3 vaccination received","","2014","83"
"Narok","DPT 3 vaccination received","","2022","90.8"
"Narok","Polio 1 vaccination received","","2014","98.4"
"Narok","Polio 1 vaccination received","","2022","97"
"Narok","Polio 2 vaccination received","","2014","95"
"Narok","Polio 2 vaccination received","","2022","94.2"
"Narok","Polio 3 vaccination received","","2014","82.1"
"Narok","Polio 3 vaccination received","","2022","75.9"
"Narok","Measles vaccination received","","2014","74.5"
"Narok","Measles vaccination received","","2022","82.9"
"Narok","Received all 8 basic vaccinations","","2014","66.4"
"Narok","Received all 8 basic vaccinations","","2022","74.9"
"Narok","Received no vaccinations","","2014","1.6"
"Narok","Received no vaccinations","","2022","1.3"
"Narok","Number of children 12-23 months","","2014","118"
"Narok","Number of children 12-23 months","","2022","95"
"Narok","Number of children 12-23 months (unweighted)","","2014","120"
"Narok","Number of children 12-23 months (unweighted)","","2022","97"
"Narok","Polio 0 vaccination received","","2014","37.6"
"Narok","Polio 0 vaccination received","","2022","53.9"
"Narok","Hepatitis 1 vaccination received","","2022","97.5"
"Narok","Hepatitis 2 vaccination received","","2022","97.5"
"Narok","Hepatitis 3 vaccination received","","2022","90.8"
"Narok","Haemophilus influenza type b 1 vaccination received","","2022","97.5"
"Narok","Haemophilus influenza type b 2 vaccination received","","2022","97.5"
"Narok","Haemophilus influenza type b 3 vaccination received","","2022","90.8"
"Nandi","BCG vaccination received","","2014","99.4"
"Nandi","BCG vaccination received","","2022","100"
"Nandi","DPT 1 vaccination received","","2014","100"
"Nandi","DPT 1 vaccination received","","2022","100"
"Nandi","DPT 2 vaccination received","","2014","100"
"Nandi","DPT 2 vaccination received","","2022","96.4"
"Nandi","DPT 3 vaccination received","","2014","99.4"
"Nandi","DPT 3 vaccination received","","2022","95.8"
"Nandi","Polio 1 vaccination received","","2014","100"
"Nandi","Polio 1 vaccination received","","2022","100"
"Nandi","Polio 2 vaccination received","","2014","100"
"Nandi","Polio 2 vaccination received","","2022","99.5"
"Nandi","Polio 3 vaccination received","","2014","99.4"
"Nandi","Polio 3 vaccination received","","2022","87.9"
"Nandi","Measles vaccination received","","2014","97.5"
"Nandi","Measles vaccination received","","2022","93.9"
"Nandi","Received all 8 basic vaccinations","","2014","96.3"
"Nandi","Received all 8 basic vaccinations","","2022","89.8"
"Nandi","Received no vaccinations","","2014","0"
"Nandi","Received no vaccinations","","2022","0"
"Nandi","Number of children 12-23 months","","2014","82"
"Nandi","Number of children 12-23 months","","2022","52"
"Nandi","Number of children 12-23 months (unweighted)","","2014","98"
"Nandi","Number of children 12-23 months (unweighted)","","2022","57"
"Nandi","Polio 0 vaccination received","","2014","69.1"
"Nandi","Polio 0 vaccination received","","2022","100"
"Nandi","Hepatitis 1 vaccination received","","2022","100"
"Nandi","Hepatitis 2 vaccination received","","2022","96.4"
"Nandi","Hepatitis 3 vaccination received","","2022","95.8"
"Nandi","Haemophilus influenza type b 1 vaccination received","","2022","100"
"Nandi","Haemophilus influenza type b 2 vaccination received","","2022","96.4"
"Nandi","Haemophilus influenza type b 3 vaccination received","","2022","95.8"
"Samburu","BCG vaccination received","","2014","96.8"
"Samburu","BCG vaccination received","","2022","93.1"
"Samburu","DPT 1 vaccination received","","2014","93.2"
"Samburu","DPT 1 vaccination received","","2022","90.8"
"Samburu","DPT 2 vaccination received","","2014","89.7"
"Samburu","DPT 2 vaccination received","","2022","89"
"Samburu","DPT 3 vaccination received","","2014","86.9"
"Samburu","DPT 3 vaccination received","","2022","87.2"
"Samburu","Polio 1 vaccination received","","2014","96.6"
"Samburu","Polio 1 vaccination received","","2022","91.2"
"Samburu","Polio 2 vaccination received","","2014","92.6"
"Samburu","Polio 2 vaccination received","","2022","85"
"Samburu","Polio 3 vaccination received","","2014","87.9"
"Samburu","Polio 3 vaccination received","","2022","69.5"
"Samburu","Measles vaccination received","","2014","71.7"
"Samburu","Measles vaccination received","","2022","73.1"
"Samburu","Received all 8 basic vaccinations","","2014","66.6"
"Samburu","Received all 8 basic vaccinations","","2022","65.8"
"Samburu","Received no vaccinations","","2014","1.4"
"Samburu","Received no vaccinations","","2022","6.4"
"Samburu","Number of children 12-23 months","","2014","23"
"Samburu","Number of children 12-23 months","","2022","27"
"Samburu","Number of children 12-23 months (unweighted)","","2014","117"
"Samburu","Number of children 12-23 months (unweighted)","","2022","108"
"Samburu","Polio 0 vaccination received","","2014","48.4"
"Samburu","Polio 0 vaccination received","","2022","59.3"
"Samburu","Hepatitis 1 vaccination received","","2022","90.8"
"Samburu","Hepatitis 2 vaccination received","","2022","89"
"Samburu","Hepatitis 3 vaccination received","","2022","87.2"
"Samburu","Haemophilus influenza type b 1 vaccination received","","2022","90.8"
"Samburu","Haemophilus influenza type b 2 vaccination received","","2022","89"
"Samburu","Haemophilus influenza type b 3 vaccination received","","2022","87.2"
"Trans-Nzoia","BCG vaccination received","","2014","100"
"Trans-Nzoia","BCG vaccination received","","2022","98"
"Trans-Nzoia","DPT 1 vaccination received","","2014","100"
"Trans-Nzoia","DPT 1 vaccination received","","2022","100"
"Trans-Nzoia","DPT 2 vaccination received","","2014","98.1"
"Trans-Nzoia","DPT 2 vaccination received","","2022","98"
"Trans-Nzoia","DPT 3 vaccination received","","2014","77.8"
"Trans-Nzoia","DPT 3 vaccination received","","2022","87.4"
"Trans-Nzoia","Polio 1 vaccination received","","2014","100"
"Trans-Nzoia","Polio 1 vaccination received","","2022","98.2"
"Trans-Nzoia","Polio 2 vaccination received","","2014","98.3"
"Trans-Nzoia","Polio 2 vaccination received","","2022","96.5"
"Trans-Nzoia","Polio 3 vaccination received","","2014","89.8"
"Trans-Nzoia","Polio 3 vaccination received","","2022","91.1"
"Trans-Nzoia","Measles vaccination received","","2014","84.8"
"Trans-Nzoia","Measles vaccination received","","2022","93.9"
"Trans-Nzoia","Received all 8 basic vaccinations","","2014","71.5"
"Trans-Nzoia","Received all 8 basic vaccinations","","2022","77.6"
"Trans-Nzoia","Received no vaccinations","","2014","0"
"Trans-Nzoia","Received no vaccinations","","2022","0"
"Trans-Nzoia","Number of children 12-23 months","","2014","105"
"Trans-Nzoia","Number of children 12-23 months","","2022","60"
"Trans-Nzoia","Number of children 12-23 months (unweighted)","","2014","79"
"Trans-Nzoia","Number of children 12-23 months (unweighted)","","2022","64"
"Trans-Nzoia","Polio 0 vaccination received","","2014","56.8"
"Trans-Nzoia","Polio 0 vaccination received","","2022","87.5"
"Trans-Nzoia","Hepatitis 1 vaccination received","","2022","100"
"Trans-Nzoia","Hepatitis 2 vaccination received","","2022","98"
"Trans-Nzoia","Hepatitis 3 vaccination received","","2022","87.4"
"Trans-Nzoia","Haemophilus influenza type b 1 vaccination received","","2022","100"
"Trans-Nzoia","Haemophilus influenza type b 2 vaccination received","","2022","98"
"Trans-Nzoia","Haemophilus influenza type b 3 vaccination received","","2022","87.4"
"Turkana","BCG vaccination received","","2014","94.5"
"Turkana","BCG vaccination received","","2022","96.7"
"Turkana","DPT 1 vaccination received","","2014","94.4"
"Turkana","DPT 1 vaccination received","","2022","96.6"
"Turkana","DPT 2 vaccination received","","2014","91.5"
"Turkana","DPT 2 vaccination received","","2022","91.7"
"Turkana","DPT 3 vaccination received","","2014","86.2"
"Turkana","DPT 3 vaccination received","","2022","84.1"
"Turkana","Polio 1 vaccination received","","2014","94.4"
"Turkana","Polio 1 vaccination received","","2022","95.7"
"Turkana","Polio 2 vaccination received","","2014","90.8"
"Turkana","Polio 2 vaccination received","","2022","90.3"
"Turkana","Polio 3 vaccination received","","2014","83.9"
"Turkana","Polio 3 vaccination received","","2022","73.3"
"Turkana","Measles vaccination received","","2014","71.9"
"Turkana","Measles vaccination received","","2022","68.8"
"Turkana","Received all 8 basic vaccinations","","2014","62.5"
"Turkana","Received all 8 basic vaccinations","","2022","60.1"
"Turkana","Received no vaccinations","","2014","3.7"
"Turkana","Received no vaccinations","","2022","1.7"
"Turkana","Number of children 12-23 months","","2014","61"
"Turkana","Number of children 12-23 months","","2022","66"
"Turkana","Number of children 12-23 months (unweighted)","","2014","99"
"Turkana","Number of children 12-23 months (unweighted)","","2022","128"
"Turkana","Polio 0 vaccination received","","2014","63.7"
"Turkana","Polio 0 vaccination received","","2022","56.7"
"Turkana","Hepatitis 1 vaccination received","","2022","96.6"
"Turkana","Hepatitis 2 vaccination received","","2022","91.7"
"Turkana","Hepatitis 3 vaccination received","","2022","84.1"
"Turkana","Haemophilus influenza type b 1 vaccination received","","2022","96.6"
"Turkana","Haemophilus influenza type b 2 vaccination received","","2022","91.7"
"Turkana","Haemophilus influenza type b 3 vaccination received","","2022","84.1"
"Uasin Gishu","BCG vaccination received","","2014","95.9"
"Uasin Gishu","BCG vaccination received","","2022","98.6"
"Uasin Gishu","DPT 1 vaccination received","","2014","97.3"
"Uasin Gishu","DPT 1 vaccination received","","2022","98.6"
"Uasin Gishu","DPT 2 vaccination received","","2014","95.9"
"Uasin Gishu","DPT 2 vaccination received","","2022","95.4"
"Uasin Gishu","DPT 3 vaccination received","","2014","91.5"
"Uasin Gishu","DPT 3 vaccination received","","2022","94.6"
"Uasin Gishu","Polio 1 vaccination received","","2014","95.9"
"Uasin Gishu","Polio 1 vaccination received","","2022","98.6"
"Uasin Gishu","Polio 2 vaccination received","","2014","94.6"
"Uasin Gishu","Polio 2 vaccination received","","2022","94.6"
"Uasin Gishu","Polio 3 vaccination received","","2014","90.2"
"Uasin Gishu","Polio 3 vaccination received","","2022","78"
"Uasin Gishu","Measles vaccination received","","2014","91.3"
"Uasin Gishu","Measles vaccination received","","2022","97.6"
"Uasin Gishu","Received all 8 basic vaccinations","","2014","85.6"
"Uasin Gishu","Received all 8 basic vaccinations","","2022","89.5"
"Uasin Gishu","Received no vaccinations","","2014","2.7"
"Uasin Gishu","Received no vaccinations","","2022","1.4"
"Uasin Gishu","Number of children 12-23 months","","2014","96"
"Uasin Gishu","Number of children 12-23 months","","2022","101"
"Uasin Gishu","Number of children 12-23 months (unweighted)","","2014","90"
"Uasin Gishu","Number of children 12-23 months (unweighted)","","2022","77"
"Uasin Gishu","Polio 0 vaccination received","","2014","54.3"
"Uasin Gishu","Polio 0 vaccination received","","2022","90.2"
"Uasin Gishu","Hepatitis 1 vaccination received","","2022","98.6"
"Uasin Gishu","Hepatitis 2 vaccination received","","2022","95.4"
"Uasin Gishu","Hepatitis 3 vaccination received","","2022","94.6"
"Uasin Gishu","Haemophilus influenza type b 1 vaccination received","","2022","98.6"
"Uasin Gishu","Haemophilus influenza type b 2 vaccination received","","2022","95.4"
"Uasin Gishu","Haemophilus influenza type b 3 vaccination received","","2022","94.6"
"West Pokot","BCG vaccination received","","2014","78.9"
"West Pokot","BCG vaccination received","","2022","97.3"
"West Pokot","DPT 1 vaccination received","","2014","86.4"
"West Pokot","DPT 1 vaccination received","","2022","98.1"
"West Pokot","DPT 2 vaccination received","","2014","80.6"
"West Pokot","DPT 2 vaccination received","","2022","85.5"
"West Pokot","DPT 3 vaccination received","","2014","68.3"
"West Pokot","DPT 3 vaccination received","","2022","73.9"
"West Pokot","Polio 1 vaccination received","","2014","87.3"
"West Pokot","Polio 1 vaccination received","","2022","96.7"
"West Pokot","Polio 2 vaccination received","","2014","78.6"
"West Pokot","Polio 2 vaccination received","","2022","89.7"
"West Pokot","Polio 3 vaccination received","","2014","60.5"
"West Pokot","Polio 3 vaccination received","","2022","51.6"
"West Pokot","Measles vaccination received","","2014","58.2"
"West Pokot","Measles vaccination received","","2022","62.2"
"West Pokot","Received all 8 basic vaccinations","","2014","35.9"
"West Pokot","Received all 8 basic vaccinations","","2022","48.6"
"West Pokot","Received no vaccinations","","2014","11.2"
"West Pokot","Received no vaccinations","","2022","1.2"
"West Pokot","Number of children 12-23 months","","2014","66"
"West Pokot","Number of children 12-23 months","","2022","82"
"West Pokot","Number of children 12-23 months (unweighted)","","2014","127"
"West Pokot","Number of children 12-23 months (unweighted)","","2022","147"
"West Pokot","Polio 0 vaccination received","","2014","35.3"
"West Pokot","Polio 0 vaccination received","","2022","45.2"
"West Pokot","Hepatitis 1 vaccination received","","2022","98.1"
"West Pokot","Hepatitis 2 vaccination received","","2022","85.5"
"West Pokot","Hepatitis 3 vaccination received","","2022","73.9"
"West Pokot","Haemophilus influenza type b 1 vaccination received","","2022","98.1"
"West Pokot","Haemophilus influenza type b 2 vaccination received","","2022","85.5"
"West Pokot","Haemophilus influenza type b 3 vaccination received","","2022","73.9"
"Busia","BCG vaccination received","","2014","98"
"Busia","BCG vaccination received","","2022","98.2"
"Busia","DPT 1 vaccination received","","2014","96.9"
"Busia","DPT 1 vaccination received","","2022","100"
"Busia","DPT 2 vaccination received","","2014","95.3"
"Busia","DPT 2 vaccination received","","2022","100"
"Busia","DPT 3 vaccination received","","2014","90.4"
"Busia","DPT 3 vaccination received","","2022","96.5"
"Busia","Polio 1 vaccination received","","2014","100"
"Busia","Polio 1 vaccination received","","2022","100"
"Busia","Polio 2 vaccination received","","2014","98.4"
"Busia","Polio 2 vaccination received","","2022","97.3"
"Busia","Polio 3 vaccination received","","2014","94.1"
"Busia","Polio 3 vaccination received","","2022","73.4"
"Busia","Measles vaccination received","","2014","92.2"
"Busia","Measles vaccination received","","2022","90.5"
"Busia","Received all 8 basic vaccinations","","2014","81.6"
"Busia","Received all 8 basic vaccinations","","2022","81.9"
"Busia","Received no vaccinations","","2014","0"
"Busia","Received no vaccinations","","2022","0"
"Busia","Number of children 12-23 months","","2014","59"
"Busia","Number of children 12-23 months","","2022","52"
"Busia","Number of children 12-23 months (unweighted)","","2014","76"
"Busia","Number of children 12-23 months (unweighted)","","2022","73"
"Busia","Polio 0 vaccination received","","2014","54.1"
"Busia","Polio 0 vaccination received","","2022","89.5"
"Busia","Hepatitis 1 vaccination received","","2022","100"
"Busia","Hepatitis 2 vaccination received","","2022","100"
"Busia","Hepatitis 3 vaccination received","","2022","96.5"
"Busia","Haemophilus influenza type b 1 vaccination received","","2022","100"
"Busia","Haemophilus influenza type b 2 vaccination received","","2022","100"
"Busia","Haemophilus influenza type b 3 vaccination received","","2022","96.5"
"Bungoma","BCG vaccination received","","2014","95.3"
"Bungoma","BCG vaccination received","","2022","100"
"Bungoma","DPT 1 vaccination received","","2014","95"
"Bungoma","DPT 1 vaccination received","","2022","98.7"
"Bungoma","DPT 2 vaccination received","","2014","95"
"Bungoma","DPT 2 vaccination received","","2022","97.3"
"Bungoma","DPT 3 vaccination received","","2014","88.9"
"Bungoma","DPT 3 vaccination received","","2022","97.3"
"Bungoma","Polio 1 vaccination received","","2014","96.2"
"Bungoma","Polio 1 vaccination received","","2022","97.7"
"Bungoma","Polio 2 vaccination received","","2014","95.7"
"Bungoma","Polio 2 vaccination received","","2022","97.7"
"Bungoma","Polio 3 vaccination received","","2014","90.5"
"Bungoma","Polio 3 vaccination received","","2022","89.3"
"Bungoma","Measles vaccination received","","2014","84.3"
"Bungoma","Measles vaccination received","","2022","91.3"
"Bungoma","Received all 8 basic vaccinations","","2014","80.8"
"Bungoma","Received all 8 basic vaccinations","","2022","88.2"
"Bungoma","Received no vaccinations","","2014","3.8"
"Bungoma","Received no vaccinations","","2022","0"
"Bungoma","Number of children 12-23 months","","2014","187"
"Bungoma","Number of children 12-23 months","","2022","118"
"Bungoma","Number of children 12-23 months (unweighted)","","2014","120"
"Bungoma","Number of children 12-23 months (unweighted)","","2022","90"
"Bungoma","Polio 0 vaccination received","","2014","51.3"
"Bungoma","Polio 0 vaccination received","","2022","82.9"
"Bungoma","Hepatitis 1 vaccination received","","2022","98.7"
"Bungoma","Hepatitis 2 vaccination received","","2022","97.3"
"Bungoma","Hepatitis 3 vaccination received","","2022","97.3"
"Bungoma","Haemophilus influenza type b 1 vaccination received","","2022","98.7"
"Bungoma","Haemophilus influenza type b 2 vaccination received","","2022","97.3"
"Bungoma","Haemophilus influenza type b 3 vaccination received","","2022","97.3"
"Kakamega","BCG vaccination received","","2014","94.9"
"Kakamega","BCG vaccination received","","2022","100"
"Kakamega","DPT 1 vaccination received","","2014","98.9"
"Kakamega","DPT 1 vaccination received","","2022","100"
"Kakamega","DPT 2 vaccination received","","2014","94.9"
"Kakamega","DPT 2 vaccination received","","2022","100"
"Kakamega","DPT 3 vaccination received","","2014","89.5"
"Kakamega","DPT 3 vaccination received","","2022","97.1"
"Kakamega","Polio 1 vaccination received","","2014","98.9"
"Kakamega","Polio 1 vaccination received","","2022","99.6"
"Kakamega","Polio 2 vaccination received","","2014","94.9"
"Kakamega","Polio 2 vaccination received","","2022","98.2"
"Kakamega","Polio 3 vaccination received","","2014","89.5"
"Kakamega","Polio 3 vaccination received","","2022","91.8"
"Kakamega","Measles vaccination received","","2014","80.1"
"Kakamega","Measles vaccination received","","2022","96"
"Kakamega","Received all 8 basic vaccinations","","2014","77.3"
"Kakamega","Received all 8 basic vaccinations","","2022","90.7"
"Kakamega","Received no vaccinations","","2014","1.1"
"Kakamega","Received no vaccinations","","2022","0"
"Kakamega","Number of children 12-23 months","","2014","125"
"Kakamega","Number of children 12-23 months","","2022","147"
"Kakamega","Number of children 12-23 months (unweighted)","","2014","88"
"Kakamega","Number of children 12-23 months (unweighted)","","2022","88"
"Kakamega","Polio 0 vaccination received","","2014","43.4"
"Kakamega","Polio 0 vaccination received","","2022","93.2"
"Kakamega","Hepatitis 1 vaccination received","","2022","100"
"Kakamega","Hepatitis 2 vaccination received","","2022","100"
"Kakamega","Hepatitis 3 vaccination received","","2022","97.1"
"Kakamega","Haemophilus influenza type b 1 vaccination received","","2022","100"
"Kakamega","Haemophilus influenza type b 2 vaccination received","","2022","100"
"Kakamega","Haemophilus influenza type b 3 vaccination received","","2022","97.1"
"Vihiga","BCG vaccination received","","2014","98.3"
"Vihiga","BCG vaccination received","","2022","100"
"Vihiga","DPT 1 vaccination received","","2014","98.3"
"Vihiga","DPT 1 vaccination received","","2022","100"
"Vihiga","DPT 2 vaccination received","","2014","98.3"
"Vihiga","DPT 2 vaccination received","","2022","100"
"Vihiga","DPT 3 vaccination received","","2014","97"
"Vihiga","DPT 3 vaccination received","","2022","95.9"
"Vihiga","Polio 1 vaccination received","","2014","98.3"
"Vihiga","Polio 1 vaccination received","","2022","100"
"Vihiga","Polio 2 vaccination received","","2014","98.3"
"Vihiga","Polio 2 vaccination received","","2022","100"
"Vihiga","Polio 3 vaccination received","","2014","94.4"
"Vihiga","Polio 3 vaccination received","","2022","88.6"
"Vihiga","Measles vaccination received","","2014","98.3"
"Vihiga","Measles vaccination received","","2022","100"
"Vihiga","Received all 8 basic vaccinations","","2014","94.4"
"Vihiga","Received all 8 basic vaccinations","","2022","95.9"
"Vihiga","Received no vaccinations","","2014","1.7"
"Vihiga","Received no vaccinations","","2022","0"
"Vihiga","Number of children 12-23 months","","2014","48"
"Vihiga","Number of children 12-23 months","","2022","30"
"Vihiga","Number of children 12-23 months (unweighted)","","2014","80"
"Vihiga","Number of children 12-23 months (unweighted)","","2022","59"
"Vihiga","Polio 0 vaccination received","","2014","75"
"Vihiga","Polio 0 vaccination received","","2022","93.6"
"Vihiga","Hepatitis 1 vaccination received","","2022","100"
"Vihiga","Hepatitis 2 vaccination received","","2022","100"
"Vihiga","Hepatitis 3 vaccination received","","2022","95.9"
"Vihiga","Haemophilus influenza type b 1 vaccination received","","2022","100"
"Vihiga","Haemophilus influenza type b 2 vaccination received","","2022","100"
"Vihiga","Haemophilus influenza type b 3 vaccination received","","2022","95.9"
